ItemID,Make,Model,Year,Qty,Date,Time
f86c6b65-6016-4c06-bf54-394a159384e1,Volkswagen,GTI,1990,15,2020-03-10T23:39:28Z,1:42
41cc6fa4-2a2d-4d16-a82f-2d2efa2e1b9c,Subaru,Forester,2000,15,2020-03-08T04:54:05Z,13:26
f8b8b244-4f93-4663-9495-9b0395ce1e26,Pontiac,Grand Prix,1985,15,2020-03-11T14:29:21Z,6:29
647ed0ff-649c-4e1d-8796-b511d3a1c225,Chevrolet,Blazer,1998,4,2020-03-10T10:24:46Z,17:45
39b610b7-19fa-466b-9e48-7a60aed35afb,GMC,Suburban 1500,1998,3,2020-03-12T00:09:22Z,3:05
722ca9c1-9adc-4c2e-a6fa-76ad47517660,Saab,9000,1998,19,2020-03-11T06:37:39Z,12:00
5f7a9e0b-77a7-409f-9f6d-b37e214c7560,Toyota,Sienna,1999,19,2020-03-13T00:07:57Z,10:17
fbd0dd8c-5e40-4271-b17e-6e0498964535,Mercedes-Benz,SL-Class,1984,14,2020-03-10T18:57:12Z,10:18
321b14cb-3574-4517-9f87-494971ddf0b6,Toyota,RAV4,1999,1,2020-03-11T17:39:50Z,15:17
ab895543-6b7d-4361-89f8-720fea6cee5d,Mercedes-Benz,E-Class,2007,6,2020-03-10T10:57:28Z,10:14
3b59e850-8b73-400c-90a3-c403b2dd24bb,Audi,A4,2003,3,2020-03-12T19:47:26Z,22:24
dbe7fc37-e02e-4ebc-8e5e-a704ec911aa0,Honda,Accord,2011,7,2020-03-09T08:24:29Z,17:32
cf1cea62-f4c4-4e04-96be-35ac8ae4e4b1,Pontiac,Firebird,1968,12,2020-03-12T00:38:57Z,19:31
7428722e-0bd4-4512-9e58-5f4259ee6df4,Bentley,Mulsanne,2012,3,2020-03-12T01:56:25Z,11:17
835dbcae-c3c8-43af-9bc7-ca9e99c7303e,Dodge,Caravan,2003,14,2020-03-12T12:20:13Z,15:39
d6031ac5-8eef-4319-b517-2ea7903c80f0,Lexus,IS-F,2010,5,2020-03-08T07:14:25Z,7:06
c59b3640-0d7e-465c-b12e-73c0a9d08cbd,Isuzu,Oasis,1998,14,2020-03-11T21:33:02Z,18:25
1ae7c397-608d-4489-b9c0-642aea76f26a,Volkswagen,Routan,2009,9,2020-03-13T01:11:59Z,20:41
1b7c67f0-3e66-4e77-8012-ec949759ee16,Cadillac,Escalade,2010,19,2020-03-11T02:57:55Z,16:52
9aa16476-5de4-4b99-be76-ca18a9713ef4,Chevrolet,Colorado,2004,12,2020-03-12T14:06:57Z,8:13
8f69e4ae-0560-426a-9054-b6de5f142f07,Audi,Quattro,1985,9,2020-03-10T12:10:00Z,19:26
e3b8e940-cbb1-451e-8eaa-701b9969089a,Subaru,Leone,1986,4,2020-03-09T09:49:36Z,2:11
7562b0ba-1486-4c80-8f92-6864afe3ea64,GMC,Canyon,2011,11,2020-03-11T04:58:07Z,4:22
779ce735-cdbf-4613-a0e1-538c1060791b,Pontiac,Torrent,2008,10,2020-03-11T06:57:18Z,8:52
f1b7be84-2fde-4605-82ef-cf60dc25dfec,Kia,Sportage,1996,5,2020-03-11T03:05:49Z,2:37
4fe4e4c0-ce94-4af1-aea4-6df17cf4edd7,Dodge,Dakota Club,2001,3,2020-03-12T21:29:41Z,9:09
bfd9a991-df73-4a96-8357-713d258c493c,Dodge,Grand Caravan,2011,3,2020-03-09T02:08:54Z,5:06
deccddda-f60b-4111-a74e-089655d7ddb1,Ford,Edge,2012,19,2020-03-13T13:34:07Z,2:58
9f7c103a-44ec-4791-bbdd-20b67f14a94e,Mitsubishi,Raider,2007,5,2020-03-08T07:56:30Z,0:24
183c63de-1668-4376-91ac-6343bdeb0bc3,Ford,Ranger,1996,6,2020-03-09T10:56:13Z,20:17
9d48f41b-d662-4ad7-ac94-2b9b771eddf0,Mercury,Grand Marquis,1998,20,2020-03-08T21:24:59Z,11:41
5248a072-c912-4453-8712-7aaa31ca67df,Isuzu,Axiom,2003,12,2020-03-12T09:57:05Z,6:52
5d2fe901-2e14-4090-8ea0-ff4bb02695af,Chevrolet,Malibu,2000,6,2020-03-12T08:26:08Z,12:46
4fafee7a-ac7a-4787-a6b6-03f09a3f1e00,Lincoln,MKS,2009,19,2020-03-12T00:08:11Z,8:36
a26b260e-6cd4-4a7e-9e6a-67322944f20b,GMC,Safari,2005,19,2020-03-12T17:25:01Z,10:29
3c1a02e1-cde9-4494-9f10-324c057144d5,Pontiac,Grand Prix,1966,12,2020-03-09T07:05:40Z,10:52
8315c2d7-b661-4262-aaed-da3c88cafff0,Oldsmobile,Cutlass,1998,18,2020-03-11T20:26:35Z,13:55
7e065c56-ee1c-4702-9a1b-e1f7fafc722f,Buick,LeSabre,2002,12,2020-03-08T13:44:53Z,6:21
66d9943c-2573-4a5d-9231-38c9f399ea6c,Audi,RS4,2007,17,2020-03-10T09:24:59Z,5:59
4a39a436-401f-4b91-96d1-6a53774f3b87,Chevrolet,Corvette,2003,7,2020-03-12T03:33:15Z,6:43
06d2ad4e-7b74-41f9-abec-6ff659032c2e,Honda,Odyssey,1996,20,2020-03-08T10:04:14Z,0:06
304a159f-a340-4229-9414-1030a518d5cf,Ford,Thunderbird,1983,5,2020-03-08T05:23:51Z,2:09
2e0f2cf3-7ec7-4061-becd-42e447d60ba8,Subaru,Impreza,1997,19,2020-03-08T20:46:08Z,12:55
bb1ea279-c35a-4d9c-b5ec-850c8c894177,Buick,Reatta,1988,20,2020-03-10T08:04:34Z,19:07
39363f9f-15dc-455e-b88f-202167aee282,BMW,760,2006,6,2020-03-12T15:06:13Z,8:53
141327f2-9a04-428b-b49c-5a9f7ebea0b6,Volvo,V40,2002,6,2020-03-08T05:07:26Z,0:13
70500ef1-9b6b-4fab-9a3c-97323d8647e6,Subaru,SVX,1993,7,2020-03-13T19:36:20Z,8:35
89dbd5ca-3b85-47f7-b07b-4c71ab196e11,Audi,S8,2001,5,2020-03-11T22:24:45Z,20:33
2e0e1ea4-9dd1-46e0-83c4-3dffb405e85f,Infiniti,G,2005,10,2020-03-09T16:57:36Z,5:19
945915b8-807d-44c6-8b9c-cb90662331d0,Lotus,Exige,2007,13,2020-03-12T09:33:50Z,13:49
12a82385-4201-4f79-93d4-c0bfc96ce68d,Rolls-Royce,Phantom,2009,5,2020-03-12T17:49:18Z,20:33
d3567dfe-02b0-422c-b07a-2e451662c976,Saturn,S-Series,1993,14,2020-03-09T23:44:00Z,13:27
7dfd96b1-39e1-4e5f-ac98-4459e92ff5d9,Volkswagen,Beetle,1967,3,2020-03-12T22:20:34Z,21:48
15b15255-b215-4cfa-b8d5-4b183814f793,Ford,Thunderbird,1997,7,2020-03-12T12:29:11Z,4:26
faea599e-ed0a-420e-a74c-659b42954255,Dodge,Nitro,2011,4,2020-03-11T07:36:53Z,5:58
27aa428d-1c55-4974-809a-ff9f0eacc8fe,Isuzu,Stylus,1993,9,2020-03-09T00:42:53Z,13:15
0fb2820b-7afb-49eb-aaf9-0eda49fc1354,Jaguar,XJ Series,1995,14,2020-03-11T02:30:58Z,12:20
5a3a7a0b-8697-41a0-9041-d2828dadeccd,Suzuki,Sidekick,1991,11,2020-03-08T18:06:46Z,15:20
ef2d0516-ea89-4e7a-a3c0-cc244fbb8a4e,GMC,Savana 2500,2012,14,2020-03-11T15:44:09Z,8:52
c6e921d6-6dab-42ae-8414-d632372348f0,Mazda,MX-5,1991,9,2020-03-10T05:55:43Z,23:47
7100ebd0-b5ec-4f30-870f-768d951c76fc,Cadillac,CTS,2011,4,2020-03-10T17:29:23Z,5:22
240108b9-ee78-4c25-a0ca-7462fde8490c,Toyota,MR2,1992,18,2020-03-12T05:08:17Z,19:33
db741dca-1730-41ad-b156-a0732118f383,Suzuki,Swift,1992,19,2020-03-10T01:38:13Z,2:04
285c81a9-550d-4c64-8555-a949e1024b9e,BMW,7 Series,1998,10,2020-03-09T21:12:24Z,15:45
9c3d0d69-442a-410d-a5e0-154a7389cebd,Lincoln,Mark VII,1984,14,2020-03-10T20:36:01Z,18:04
6af6c942-31da-47f7-a42f-4c1d1f8028f2,Hyundai,Accent,1996,16,2020-03-11T05:44:11Z,14:06
2a8eada9-69b8-4a5d-b49f-ba0c0a495a25,Ford,Expedition,2000,1,2020-03-11T23:05:38Z,1:19
d70a4eb3-4189-40ff-a146-ee479550478c,Mercury,Tracer,1999,12,2020-03-12T13:05:06Z,0:32
5b88298a-567d-471f-88a0-0e4f2619f474,Plymouth,Laser,1991,19,2020-03-11T12:02:27Z,7:46
1f9bc385-bff7-4cb8-acfb-b159280ec496,Mercury,Sable,2001,4,2020-03-13T08:29:44Z,12:58
54189a11-0cd3-4b16-9b9c-62e5a4570093,Honda,Civic,2002,1,2020-03-08T09:38:11Z,2:50
158b7172-2c26-4f20-ab30-ba7bb7c1aa91,Chrysler,Cirrus,1998,20,2020-03-10T01:36:39Z,19:09
34243b88-fe9e-4f29-b2c3-76cf8d9ba6b5,Pontiac,Bonneville,1994,4,2020-03-09T22:51:30Z,16:11
cc5b1e18-c4db-4c1b-8e48-235abe00dc69,GMC,Yukon XL 2500,2009,12,2020-03-11T19:42:14Z,17:19
d2b49a63-5194-4294-b722-821e0c2e135f,Mazda,Mazda6,2012,14,2020-03-13T16:17:35Z,17:39
2491dab4-a7ee-4387-a5ea-8a168df60632,Chrysler,PT Cruiser,2008,1,2020-03-10T02:19:24Z,6:44
e21e1414-dd7b-4319-a800-1164aa9951ab,Ford,Focus,2011,8,2020-03-12T14:04:00Z,0:49
8b8b24a7-dbdf-41c7-93f4-eaf6d0bc50a3,Ford,Courier,1987,10,2020-03-08T19:29:53Z,3:15
1c8388e5-dec3-44a8-9307-33d2feafd07c,Honda,Prelude,1994,8,2020-03-10T17:07:11Z,11:26
071cef2b-c45d-404c-bdbe-5e023468f8c3,Toyota,Camry,1992,15,2020-03-10T00:36:16Z,9:50
5c48c2b0-3300-4794-9c18-0ce9c654f53f,Hyundai,Santa Fe,2003,1,2020-03-11T13:07:50Z,17:46
60d211c2-7129-4902-acb8-ae1adbf8298e,Maserati,GranTurismo,2012,8,2020-03-12T15:32:05Z,9:40
76804890-3568-48d8-814a-7974da50c459,Acura,ZDX,2010,5,2020-03-11T04:41:53Z,5:24
cf21e5dc-40d4-4a8d-aba0-9db4c2f1d892,Ford,Mustang,2012,18,2020-03-08T02:00:02Z,7:58
3d4a6a8e-7270-4d74-94eb-917b98df8fc9,Dodge,Viper,2002,12,2020-03-11T13:13:01Z,13:57
8b43d5e5-7e10-43d3-985b-3dc69d429c12,Pontiac,Firefly,1989,6,2020-03-13T22:14:41Z,9:11
b7562747-9d28-4e64-8475-1ac47a62b334,Volkswagen,Touareg,2008,2,2020-03-10T22:15:22Z,9:36
105c3524-0179-4065-bbb5-7c5c81abbe4f,Suzuki,Esteem,1998,13,2020-03-09T19:51:01Z,11:35
34b1e217-84bd-444f-a874-7045a9a6df76,Mazda,Familia,1987,6,2020-03-10T11:15:50Z,4:30
2cecf273-4375-417f-95a2-6ca97fb3e66b,Ford,Mustang,1965,5,2020-03-12T11:17:53Z,22:14
1976b8b9-8d2d-4f72-99da-9fb0e59e3981,Kia,Optima,2012,19,2020-03-13T18:13:21Z,1:53
13eed198-036b-4793-bb1c-b2bf936ef679,Honda,CR-V,2012,7,2020-03-08T21:51:25Z,9:18
fae799a1-ddc3-4a06-b2fe-36036e9e0ce3,Ford,Ranger,1993,20,2020-03-09T09:32:55Z,3:01
767bcdbd-80c3-4226-b053-c01d06315880,Pontiac,Sunbird,1985,15,2020-03-10T17:38:45Z,7:28
52fb6cc3-6f86-4f07-a59e-183f654060e6,Mazda,MX-6,1989,16,2020-03-11T09:42:13Z,7:26
5440d877-6ff1-4d54-900d-387d3a4d30ec,Mercury,Lynx,1987,17,2020-03-10T18:58:32Z,15:46
23c98d48-68b5-4c38-a317-ff2db4170405,Oldsmobile,Aurora,2002,16,2020-03-10T12:18:23Z,21:21
c5180c89-39fb-47bb-a25a-43de3110bfec,Saab,9-2X,2005,16,2020-03-11T16:09:31Z,9:45
9478dc68-3790-4d76-a570-92aa3a9ecd1a,Lexus,RX,2010,17,2020-03-13T23:07:49Z,15:18
19d805aa-c03b-4d01-bfad-622340c71f9d,Honda,Pilot,2008,7,2020-03-10T03:54:52Z,9:51
3ccf16a1-19b3-4a45-89ab-0a64a5620665,Honda,Civic,2001,18,2020-03-10T15:57:50Z,9:33
b41c2a18-b260-4e51-a074-45cee4d84584,Mazda,Familia,1991,18,2020-03-08T11:33:40Z,23:14
f0aa35e6-03fb-4241-a554-ff0ba5676bae,Pontiac,Bonneville,1989,2,2020-03-09T18:15:33Z,20:12
e2ae2583-265a-4246-9c96-1a82c9b4faa5,Subaru,SVX,1997,12,2020-03-08T14:39:40Z,0:39
c3cb438d-3ab4-44c2-9431-118fd8c167fe,Chevrolet,Cruze,2013,19,2020-03-12T18:50:57Z,13:57
8b58595d-0045-48d0-9a39-c52a5d4f9e8e,Cadillac,Seville,2002,10,2020-03-12T20:18:12Z,11:44
7c267e42-78b7-429d-9912-c9485206684f,Lincoln,Mark VII,1984,2,2020-03-08T03:29:01Z,10:13
60bed3cf-9d23-4c9e-9e66-4764388e34e0,Honda,Odyssey,1998,19,2020-03-11T11:41:48Z,18:10
1fc9b12b-b5ab-4b39-802f-f928f3718bcc,Isuzu,i-290,2008,5,2020-03-11T10:56:44Z,14:03
af41d3d1-2bc0-4542-b467-a9a303213502,Mitsubishi,Eclipse,1993,8,2020-03-08T17:55:55Z,3:22
3a5b4353-66bd-4aca-840f-af2957d5fae0,Pontiac,GTO,1968,7,2020-03-08T22:58:55Z,10:16
eca884f9-a373-4a7a-b360-4bd314b4df6b,Audi,80/90,1988,13,2020-03-09T07:24:01Z,12:10
22653cbc-7b74-4243-b5f0-0ec69f33a7cb,Isuzu,Hombre Space,1997,7,2020-03-08T10:45:47Z,3:56
94e51f5c-c9aa-481d-acc3-d49fc01a8e93,Dodge,Grand Caravan,2003,5,2020-03-09T04:49:22Z,16:39
3bdb781e-022d-4b4c-bea6-cc3f22e554db,Hyundai,Equus,2012,4,2020-03-13T03:42:22Z,19:43
54114a25-5373-4317-a14a-605a189b3a98,Ford,Crown Victoria,2005,9,2020-03-13T23:52:43Z,18:58
dfa1cc3a-10f5-4ce1-a659-99dd12a2ef7b,Eagle,Premier,1992,7,2020-03-12T21:11:47Z,12:22
b0d819b2-9e79-42d8-b750-e5709f4c4085,Buick,Rainier,2005,11,2020-03-09T13:58:45Z,2:30
92804fec-a663-4a85-991f-be18af72e4da,Eagle,Vision,1994,20,2020-03-08T02:09:01Z,11:36
668de38c-3ada-4b69-8987-1e43a0f937ad,Mitsubishi,Mirage,1989,19,2020-03-12T00:00:12Z,19:18
aa1f9ef7-8bfe-470c-8212-2b4d7ac690e5,Ford,Ranger,1992,16,2020-03-09T17:52:02Z,21:05
b75749cf-87c6-4df5-8b15-d984e7ac51c9,Ford,F150,1994,20,2020-03-08T04:36:10Z,4:02
96611706-d7ed-42c5-86a4-a22a8a028518,Mitsubishi,Pajero,1991,13,2020-03-09T14:16:56Z,0:25
861aa5ff-a145-4250-b861-6cdfd1c69785,Buick,Century,1994,18,2020-03-09T21:15:16Z,23:08
ffb340a9-380f-4d51-8702-ab64123dcefe,Dodge,D250 Club,1993,8,2020-03-11T09:08:23Z,8:39
fb186fcb-c856-431a-84ae-c83d15aad101,Chevrolet,Sportvan G30,1996,13,2020-03-10T12:25:14Z,1:52
b3134bd8-f413-4a5c-aee2-ffc85e282a17,Pontiac,Firebird Trans Am,1986,20,2020-03-11T11:12:21Z,8:55
dc896b78-fce0-400d-a390-f32bb3d4bb55,Pontiac,Safari,1987,14,2020-03-12T15:32:53Z,14:31
0fd5aa60-5145-43eb-81ab-0207edca7d61,Mercedes-Benz,W201,1986,1,2020-03-13T09:29:30Z,1:39
11c82a7a-0197-4333-8a2e-d902f9d65147,Mitsubishi,Pajero,1985,11,2020-03-08T00:13:18Z,8:25
2106ec31-da16-4bd4-970f-733ad355e62b,Dodge,Ram 2500 Club,1999,14,2020-03-10T08:08:17Z,4:36
184205ab-875a-4d0c-ad9a-34a131c7f4e6,Chevrolet,Equinox,2006,2,2020-03-08T09:29:31Z,16:25
ffed81c9-a789-4c50-9124-205d14386f3e,Ford,Ranger,2004,19,2020-03-09T10:45:35Z,5:55
817a36b0-83a5-4f2a-b5d3-62ce1f5c037a,Ford,F450,2008,16,2020-03-09T08:58:41Z,18:06
30f45249-7f28-4121-a014-1d89cfcfd001,Mercedes-Benz,CLK-Class,2007,15,2020-03-09T13:38:51Z,18:30
f8129f3f-bbc4-4eda-9fc0-61add7db9f7e,GMC,Suburban 1500,1999,14,2020-03-08T18:11:41Z,23:47
f10fbbaf-c7b7-45f5-ba00-4b99f5602df1,GMC,Envoy XL,2005,14,2020-03-09T02:08:42Z,22:41
41923312-e2ed-48eb-ac3d-1913e098c16e,Jeep,Wrangler,2007,19,2020-03-13T18:57:46Z,4:20
f3d638a7-0002-4cae-a2d2-4bc77512a885,Audi,S4,2010,15,2020-03-09T21:18:51Z,1:43
0225fcf6-54a0-481b-bd4d-88b2dbd2d1f6,Mazda,626,1989,19,2020-03-10T08:58:40Z,18:27
e3bb9210-c3d0-4938-b4e5-75b4fefddd1c,BMW,3 Series,1993,16,2020-03-12T18:40:35Z,5:46
983454db-c1cb-4fa6-94e5-9c6165cda355,Acura,RL,2009,7,2020-03-13T18:24:05Z,23:32
482eb3da-e4a8-4e28-a161-98f36e64f768,Toyota,Highlander,2010,4,2020-03-12T08:09:31Z,16:16
4080af53-9cce-4bb6-b53f-1a6aae65b9e4,Ford,Taurus,2010,4,2020-03-12T23:50:50Z,7:01
c617ecda-10b1-4e0f-9058-5d1015e834c4,Oldsmobile,Cutlass Cruiser,1993,6,2020-03-11T20:42:09Z,11:21
143b1710-a4fd-44a3-85d0-93823a25eb9b,Volkswagen,GTI,2009,15,2020-03-12T10:31:49Z,0:11
5370a392-68e3-4a0c-9530-a67ea9520d68,Mitsubishi,Pajero,1992,18,2020-03-12T11:18:53Z,3:16
4d5aaa02-456d-4b20-ae99-2e1a741aedb0,Oldsmobile,Intrigue,1999,13,2020-03-08T12:43:56Z,23:45
f0897747-3843-4d0a-8f92-522546d87416,Suzuki,Reno,2007,19,2020-03-13T07:09:37Z,10:57
552f3255-b511-444e-9dc6-f6fa1e19518f,Audi,TT,2010,18,2020-03-11T20:32:24Z,12:45
1784228b-9b22-4832-aa7d-03984d4802c7,Mercedes-Benz,E-Class,2001,10,2020-03-10T01:46:00Z,18:28
8fd974f5-a17e-4484-a822-634ffc5ef221,Ford,LTD Crown Victoria,1993,19,2020-03-12T00:27:06Z,4:57
ce2678a3-674f-43c2-b04c-2bd4344fe7a1,Chrysler,Concorde,1999,7,2020-03-12T22:33:50Z,17:44
dd44ed30-16c0-4321-84ad-4e5793d45691,Pontiac,Montana,2003,15,2020-03-12T19:57:43Z,13:25
d732c492-6d5b-471b-a577-699c891c3b28,Ford,Tempo,1993,10,2020-03-12T09:18:40Z,13:20
e04791e2-a366-4dc3-8434-675df235c8b5,Suzuki,Sidekick,1992,13,2020-03-08T08:06:48Z,0:17
48daeb83-f6cd-49c0-b138-df043c550b37,Chevrolet,Cavalier,2002,7,2020-03-12T02:55:30Z,4:54
bcd8042e-f0c6-46e7-92a3-219618a51047,Ferrari,612 Scaglietti,2007,15,2020-03-08T03:55:03Z,3:57
44c7a864-2121-45a8-9100-4c12b97a8241,Volvo,S60,2008,4,2020-03-08T14:01:19Z,5:33
9aebcb26-980a-4116-a491-5c19a907afe3,Chevrolet,HHR Panel,2006,6,2020-03-08T23:51:59Z,20:40
8d704983-3139-48be-bfcb-390f73fa6ef0,Lexus,LX,2006,19,2020-03-12T19:35:09Z,21:14
d2c4c259-ea25-4bd2-8873-1224c9eaf54c,Ford,Festiva,1990,11,2020-03-12T18:18:06Z,16:31
0a2d120c-7daf-449c-ab22-f4a31de1d55f,Lotus,Esprit,1997,7,2020-03-12T05:39:03Z,14:06
b417f49f-bbf3-4219-a47a-1554c5b09d1f,Lincoln,MKS,2011,1,2020-03-11T22:48:03Z,18:05
9b05536d-9008-4077-9c8a-545baf965ebe,Dodge,Ram Van 2500,1999,6,2020-03-10T04:49:30Z,16:13
b37986e3-3a1d-4b88-a6b1-ccd4565fb0b5,Audi,A5,2009,11,2020-03-10T12:38:04Z,10:16
8e749f7b-670e-461b-b291-381069afa881,Jeep,Cherokee,1996,5,2020-03-09T13:27:31Z,7:01
c8e40f08-8e1f-4a38-bcaf-7bb7476da3ee,Toyota,Land Cruiser,2009,15,2020-03-10T12:04:28Z,17:30
cc89310f-20c9-4125-803e-4b6ecb13cd8f,Pontiac,Grand Prix,2007,1,2020-03-12T14:13:39Z,4:22
98069cd5-f314-453d-a7d1-e406260d58e1,Land Rover,Range Rover,1991,4,2020-03-10T08:39:54Z,9:32
009a1b8d-8c8f-42dd-bef1-2fc850c5d603,Lincoln,Navigator,2008,20,2020-03-11T15:21:50Z,20:08
49b80ac3-10fa-45b6-8469-84c53e62bd0c,Chrysler,Voyager,2001,19,2020-03-13T23:13:42Z,5:10
38bd67fe-441d-46ca-bc01-1b09e85f97bc,Volvo,240,1992,5,2020-03-12T01:25:15Z,20:51
1e09dae1-42bb-4a71-8489-979a4209f0b1,Ford,Mustang,1969,6,2020-03-08T10:08:04Z,18:57
9f4fdb69-4d73-4544-9be4-326bd331d7d7,Land Rover,Sterling,1991,19,2020-03-13T10:22:31Z,8:47
66043ac1-6394-4913-a4fb-28ea2c802078,Kia,Sportage,2007,11,2020-03-12T14:30:21Z,9:09
8fa37641-34b9-442c-aa96-2d9d026479dd,Pontiac,Sunfire,1996,13,2020-03-12T15:45:47Z,1:09
610a60cd-1043-4d85-94cd-b949965a8596,Buick,Century,1994,3,2020-03-08T06:45:24Z,1:05
301bfa58-581a-4705-a334-3c7991f4c160,GMC,Sonoma,1998,14,2020-03-08T10:55:48Z,22:51
d32ce145-8a96-4f1d-934d-2c34bcae6094,Ford,F350,2003,13,2020-03-09T19:23:07Z,11:20
ca07e65c-6c4d-46ef-8946-d27801eee67b,Alfa Romeo,Spider,1994,13,2020-03-12T11:32:17Z,11:39
0e924bbb-7dd6-4d74-8057-18ffc83b8d2b,Mitsubishi,Montero,2004,12,2020-03-12T09:18:50Z,11:34
069f5e67-751d-4619-9002-909da70d1086,Isuzu,Rodeo,1993,11,2020-03-13T16:01:49Z,17:18
6fefa9ac-66dc-4be9-b3ae-8549dea8d2a2,Toyota,4Runner,1992,11,2020-03-10T00:49:46Z,18:20
994d7909-815c-4d0f-a685-06bf6b77ad58,Volvo,V70,2010,20,2020-03-08T00:55:26Z,3:44
d4a3e4f3-eac2-40a6-8641-c878aa6aa8fa,Oldsmobile,Cutlass Supreme,1996,5,2020-03-08T06:07:41Z,11:09
479c9a22-03ce-4f5c-9d2e-f58b3b20378f,Chevrolet,Corvette,2003,18,2020-03-12T20:10:47Z,6:10
320715fb-770f-4cb6-adc7-3d27eb73c564,Pontiac,Grand Am,1990,16,2020-03-10T14:52:01Z,12:41
96b16500-34f9-4e87-a685-544980b0b220,Land Rover,Defender Ice Edition,2010,17,2020-03-11T02:36:57Z,23:41
a393a1f0-b01d-4532-885e-2c49485d3212,Jaguar,XK Series,2013,17,2020-03-13T18:55:11Z,8:05
a87b5891-ec95-40a9-8df2-4d31350e1aca,Buick,Century,1984,15,2020-03-12T11:26:19Z,13:55
1ce3ca26-410e-4178-ad9b-d651adc481f7,Ford,Escort,1992,2,2020-03-08T09:39:52Z,19:30
4bf87bf5-fc36-433c-9206-4f8ef332c9f3,Rolls-Royce,Phantom,2005,17,2020-03-09T06:18:43Z,13:58
f5a09592-7d94-4d84-80a4-0ee218f96c79,Infiniti,G37,2012,7,2020-03-13T18:50:24Z,2:38
bda97ab6-c061-43aa-ba61-cfefcb9923b3,Chevrolet,Suburban 2500,2010,14,2020-03-08T18:16:58Z,6:30
f4384c96-3393-4b18-827f-75d5ae5f555d,Mercedes-Benz,C-Class,2009,13,2020-03-08T21:33:23Z,9:38
12c849b7-7010-4305-b7c0-2f8ea11d1ac1,Cadillac,DeVille,2000,6,2020-03-11T10:14:37Z,6:42
ca33e172-895f-4be6-ad49-99946a2f4ec1,Chevrolet,3500,1997,16,2020-03-12T04:36:11Z,15:54
c9f97f45-a657-43b6-9f07-ff9c5b14ddc3,Acura,RL,1997,20,2020-03-12T14:24:35Z,8:14
51e16323-23fe-4eb7-a478-03fa2541ef70,Volkswagen,Golf,1998,2,2020-03-11T04:14:08Z,0:53
77c44462-9d3b-4fe4-ab6f-ca5db99213e8,Chevrolet,G-Series G20,1994,7,2020-03-10T17:19:14Z,3:09
1af2f862-3a63-455b-94ae-226028e37e21,Chevrolet,Corvette,1999,12,2020-03-08T21:31:11Z,4:00
5f47b357-591f-4af2-8cdf-399b6b20b03e,Mercedes-Benz,M-Class,2011,16,2020-03-11T04:39:38Z,8:24
724ad8ab-8b71-4f6a-95f8-6fa57900a51f,Dodge,Avenger,2010,7,2020-03-08T06:25:23Z,13:30
d22ef0f6-1585-4233-a9ce-0d3ef90dcaf2,Volkswagen,Cabriolet,1995,19,2020-03-13T01:41:51Z,17:15
92b52913-2f3e-4248-bfef-dbd957217af5,Mercedes-Benz,G-Class,2011,2,2020-03-08T00:20:14Z,8:56
4a562a08-403d-4849-9a73-9dae003338c3,Audi,Q7,2010,11,2020-03-11T00:10:48Z,1:26
7a165898-d49a-4b10-84f5-1bd040887cd1,Dodge,Charger,1969,3,2020-03-11T18:20:57Z,4:38
94b09c5e-06f9-4afb-b485-a74fa01951b9,Ford,Explorer,1997,20,2020-03-10T16:18:29Z,1:26
87251721-92a9-449b-8415-78c6b13b6f50,Pontiac,Firebird,1989,1,2020-03-08T05:43:23Z,15:24
558566b9-6b58-4daa-b9b8-e26e04b1169c,Chevrolet,Express,2012,1,2020-03-13T12:01:04Z,4:52
dc8e4ba9-597c-4b02-93e9-51e13bafb7b0,Chevrolet,Impala SS,1994,17,2020-03-13T02:00:26Z,9:03
e6a13833-43ec-4e0d-892a-75e847f990c5,Dodge,Ram 2500,2005,16,2020-03-12T22:19:06Z,1:28
2b7e969e-77bd-4207-99c1-32d44d5df214,Suzuki,Aerio,2004,9,2020-03-12T07:39:18Z,1:48
97b4e24f-27e7-45c5-a161-770bae79d500,Lexus,GS,2005,10,2020-03-12T12:47:39Z,11:00
2b9fdbc0-a554-44de-a9f1-25969a43eb6c,Ford,Thunderbird,1958,17,2020-03-13T23:28:57Z,13:21
1c9fd764-e473-471a-aa0d-c69c965c8851,Tesla,Model S,2012,2,2020-03-09T16:49:13Z,21:19
13be7b9b-41e0-4dd3-89c6-68e35a852e72,Lincoln,Mark VIII,1996,12,2020-03-13T20:54:42Z,9:17
7cc447bf-5f8b-42df-88d0-5a5b37b8ae65,GMC,3500 Club Coupe,1995,15,2020-03-09T00:43:54Z,22:29
eed2ac91-a109-43b4-9ffc-95de910dfb75,Volkswagen,Jetta,1994,1,2020-03-10T16:45:31Z,6:52
2ab0d583-7139-477d-9356-1d6b324f5a18,Ford,LTD Crown Victoria,1984,13,2020-03-08T06:13:02Z,19:13
38685d7c-9f49-4da6-87b7-06aeb96676ae,Audi,S6,1995,7,2020-03-10T03:38:50Z,16:40
3dd18b17-4a0c-453a-8bbd-409b6c8f1a6d,Acura,TSX,2008,12,2020-03-09T22:25:09Z,12:52
8d288127-4116-401a-be58-c66449592fb8,Pontiac,Bonneville,1993,4,2020-03-09T15:22:30Z,8:14
a7b7ae0f-1e55-4615-87ce-b81606de9ee5,Dodge,Dynasty,1993,17,2020-03-09T04:02:17Z,4:47
51e3f623-2a9e-4ff5-9e16-0938aa2bd9c5,Hummer,H3,2009,6,2020-03-11T20:15:13Z,16:43
01a7510e-e41b-4c75-895b-55ac9b0d6552,Saturn,S-Series,1992,14,2020-03-08T04:00:26Z,2:50
8ac6e0cb-4863-48be-8ba6-8544a475cfc4,Nissan,Maxima,2008,17,2020-03-11T21:49:43Z,21:46
0ab80dfa-81df-43b4-97ba-d56fd6e813a6,Chevrolet,Suburban 2500,1999,9,2020-03-11T08:05:12Z,6:52
3cb2b09e-2d91-498c-a824-5937add1d40a,Kia,Sedona,2009,9,2020-03-13T22:30:59Z,22:35
cd406a0f-8dd2-4a57-961f-273325749b97,Toyota,FJ Cruiser,2011,19,2020-03-11T19:59:18Z,17:12
4c2e0e31-5212-4cee-83a9-7a229426a4ce,Mitsubishi,Lancer,2006,4,2020-03-09T02:30:20Z,23:46
12cc0d88-b43f-44ab-bc6b-787898aa04ee,Chevrolet,Silverado,2002,2,2020-03-13T17:05:23Z,13:35
40944066-8c32-4d05-955d-193c9247ce25,Mercedes-Benz,SLR McLaren,2005,15,2020-03-12T02:48:16Z,18:35
f7a5acdb-7b45-408b-9be8-ca09bcef52ca,Mazda,RX-7,1990,2,2020-03-09T06:15:34Z,20:18
be8e5984-c660-4a65-a14b-ed8c34262c70,Mercedes-Benz,CL-Class,2000,15,2020-03-08T16:21:30Z,4:28
7ee3ef16-6085-4b1f-9926-fa07a1cb934f,Chevrolet,Corvette,1970,12,2020-03-13T02:56:42Z,11:17
a2af4c9c-f826-40dd-87f0-3a6180d23c01,Mitsubishi,Outlander,2008,7,2020-03-10T22:38:29Z,20:25
bb2dc981-84bd-4789-93d2-9efa369e0141,Oldsmobile,Silhouette,2004,8,2020-03-11T01:12:55Z,12:39
e3c2f57e-92b5-4b5e-8902-75e648a375e9,Honda,Prelude,1996,14,2020-03-12T10:01:48Z,21:31
8d7b4a38-0da6-4cae-94dd-58c72ed577b5,BMW,325,2004,12,2020-03-09T09:16:04Z,2:10
9094354d-5640-4601-a288-f5c324c242c7,Volkswagen,Eurovan,2001,6,2020-03-13T01:42:49Z,17:55
b97ac7d8-3e75-4249-9752-21f51a9bb8c2,Mercury,Monterey,2006,8,2020-03-13T13:13:37Z,14:32
53936c7e-3e48-4c63-b404-03718e6f0886,Mercedes-Benz,600SEL,1992,17,2020-03-08T23:28:22Z,19:44
6f6767aa-b7ec-4378-a63a-0a38eed6347d,Chevrolet,Express 3500,2011,14,2020-03-09T15:08:14Z,23:36
efa8665a-a58b-4fb7-85fc-75528e78e50b,Isuzu,Stylus,1993,12,2020-03-09T19:22:49Z,12:05
c145e8dd-3de3-4302-a307-580c41f21345,Morgan,Aero 8,2007,5,2020-03-12T23:01:57Z,4:20
74b0c981-687e-49b9-b7fe-03671025baca,Buick,Skylark,1995,17,2020-03-08T06:54:52Z,18:11
d4bf4de0-85ad-49ae-a680-12d2f733e0f7,Chevrolet,Silverado,1999,20,2020-03-10T19:34:10Z,12:02
466b9aa2-7fef-4e06-823d-3289b545d4d1,Mitsubishi,Endeavor,2006,6,2020-03-13T06:56:11Z,12:14
7068eec4-4ed7-47c2-9fec-8d2f9799b53a,Dodge,Viper RT/10,1993,6,2020-03-13T17:14:36Z,5:53
39092e0d-d548-4292-a4fd-504b8ddab081,Toyota,Land Cruiser,2005,15,2020-03-09T19:27:43Z,11:01
63140789-cbff-4bfb-89c9-8c4c5246a597,Mercedes-Benz,S-Class,1984,2,2020-03-09T16:23:19Z,3:44
d9a8f881-6f4f-4096-9796-4e19094ce985,Saab,9-5,2008,5,2020-03-08T21:33:22Z,13:59
2abf2f05-c5ab-42e7-9966-5d1ab21b474f,Saturn,Sky,2009,13,2020-03-09T13:28:27Z,19:56
98693b53-67d8-4e3d-b96e-6984b7486c2f,Ram,C/V,2012,18,2020-03-13T22:16:33Z,19:42
b8bb571a-41c7-467c-ab29-c6be671dbf72,GMC,Envoy,2006,20,2020-03-13T02:24:28Z,7:19
cdf5d156-3423-433a-8039-71677660c0ca,BMW,X5 M,2010,19,2020-03-08T13:43:36Z,9:03
52bef7eb-b4ad-44fe-8611-e1fe421561f1,Ford,Escape,2008,6,2020-03-12T09:40:10Z,14:52
f315ddcb-c1e0-4231-9958-07fa12cb354a,Daewoo,Nubira,2001,8,2020-03-08T01:01:51Z,1:17
7999fcae-bc33-49ee-9378-871d785f8fa8,Plymouth,Sundance,1993,18,2020-03-10T15:01:28Z,17:32
36e02307-914b-4b72-90c3-f9d6db73d17d,Dodge,Viper,1998,6,2020-03-13T14:03:17Z,15:06
64591cc0-7cc6-4675-b135-2b4cf6d21fde,Scion,xB,2010,20,2020-03-09T22:04:24Z,14:00
a9391938-fe14-4682-adc1-78420e7ccdb8,Pontiac,Sunbird,1985,2,2020-03-10T02:30:24Z,13:39
faad82b7-449a-4e42-92e2-b331aed190d6,Honda,Passport,1999,8,2020-03-10T12:57:36Z,22:51
e075d81c-7e7d-4a5e-be4b-5264a66eaf00,Toyota,Land Cruiser,2000,17,2020-03-10T00:33:05Z,18:01
572178be-ff2b-4d12-a3fd-382eae5a7549,Mercedes-Benz,W201,1987,17,2020-03-10T22:27:13Z,16:09
18282066-c15e-465e-8ca6-aed057314003,Mercury,Milan,2010,15,2020-03-10T20:31:03Z,10:22
d925c972-ec19-4100-a6a1-8cad8e8345f3,Toyota,Paseo,1995,20,2020-03-11T06:54:23Z,12:23
766fa95e-064d-47d8-8474-2ddee940ae2c,Chevrolet,Cavalier,2000,20,2020-03-09T20:36:19Z,21:36
71f1b95e-0820-4f90-a33f-cf225ca13a01,Chevrolet,Camaro,1973,4,2020-03-13T05:38:16Z,2:36
af2092fe-9b5e-49c0-a714-4cd4499e38e6,Mazda,B2500,2001,7,2020-03-10T01:28:21Z,5:18
ed9dcaa1-cdf4-4721-aee7-c6b5514669eb,Chevrolet,Express 1500,2003,12,2020-03-11T10:55:10Z,2:32
89bae5ac-7aec-4f1e-8aea-28efff2f7986,BMW,3 Series,2005,2,2020-03-09T09:03:04Z,8:54
49c3a865-9af2-46d2-b724-f24369ef7726,Ford,Fusion,2011,6,2020-03-10T20:23:52Z,4:55
898db19d-063e-46e2-bb39-f87be0047193,Subaru,Justy,1987,19,2020-03-12T12:05:47Z,14:32
a81794de-5f33-4c07-a517-b8369155e784,Mercedes-Benz,M-Class,2002,5,2020-03-11T00:29:56Z,14:53
84991469-cdc9-4b3e-9416-70493d6816c0,Nissan,Frontier,2010,13,2020-03-09T23:36:49Z,10:08
905292ee-d689-404b-9e0f-bd962ec80b8e,Toyota,4Runner,1999,20,2020-03-08T21:10:49Z,2:52
77dec704-1ca7-40c1-8131-76f5e6e6ba88,Nissan,Altima,2007,6,2020-03-10T06:50:45Z,20:43
2c5a1a74-a7e5-4783-aa65-8e4dd4ed2169,Ford,Mustang,1988,20,2020-03-08T20:18:07Z,0:43
85adb807-a92d-453e-a59d-3f8993c115ba,Isuzu,Rodeo,1994,15,2020-03-12T04:08:26Z,4:56
d781406a-3c53-4d2c-bc9f-0bd0c4ec53c9,Scion,xD,2010,2,2020-03-10T07:40:28Z,20:23
2135ef70-40c8-47e0-a144-cda80b2a2b74,BMW,Z4,2003,9,2020-03-10T23:24:27Z,13:28
9c1d95e9-6281-4dcc-83c9-5364238ab9f7,Mercedes-Benz,600SL,1993,16,2020-03-13T22:30:58Z,3:20
184fcb7d-06c5-4182-a80a-c46870533de9,Ford,F-Series,1989,6,2020-03-13T07:42:02Z,17:12
e22d6fbe-f36e-45c2-8db6-96e8540a69ef,Pontiac,Parisienne,1984,20,2020-03-11T02:42:55Z,15:21
de1923f2-6756-4362-8c03-e9e9619964ca,BMW,6 Series,2004,19,2020-03-10T15:21:14Z,14:31
5c5e0358-9247-4dad-8627-902e179947ec,Honda,Pilot,2003,9,2020-03-09T14:31:00Z,15:00
de683c12-561c-4a09-be33-3b0ea9b29825,Mercedes-Benz,GLK-Class,2010,13,2020-03-13T02:16:59Z,11:34
d14d411f-13bf-4533-aa1c-aeb9d86cbdbc,Honda,Prelude,1996,18,2020-03-08T15:46:16Z,0:15
a66a530c-f0c6-43b0-b17a-3287bd84834c,Chevrolet,G-Series 3500,1997,2,2020-03-09T10:36:00Z,15:26
8bed2239-4ed1-42d2-bf77-aced445fc922,Nissan,Xterra,2009,18,2020-03-08T20:08:33Z,0:34
8f9c688b-2e41-44b8-849a-8f5f041dbb48,Ford,F350,2001,12,2020-03-10T20:24:39Z,12:13
c5e27474-d638-442f-9ed6-1b19afc39c8a,BMW,M5,1993,10,2020-03-13T03:44:40Z,18:47
444b2b5d-4cb8-40e7-b36f-eb10073e14b1,Land Rover,Range Rover,2000,12,2020-03-08T04:32:00Z,0:38
879369e8-3922-4e8a-997a-93be5f402e99,GMC,Envoy,2000,3,2020-03-13T13:39:39Z,23:38
10632f77-80f4-41e7-83ca-c364dff14cd9,Mazda,B-Series Plus,2003,7,2020-03-08T12:20:31Z,21:49
853dfba9-b804-4125-9a97-f05f0f8c7584,Volkswagen,Jetta,1994,12,2020-03-12T14:15:37Z,9:41
5dcd898e-89de-4d56-a2e2-748bb501fdee,Suzuki,Vitara,2001,8,2020-03-13T05:01:12Z,7:17
af59883c-128a-4806-be79-9e803f4ba99a,Dodge,Dakota Club,1992,16,2020-03-09T17:00:14Z,22:12
aeddccff-b15a-4306-906b-914d11d749a8,Audi,S8,2006,2,2020-03-13T14:44:51Z,5:25
01082c34-4647-4749-928d-93dc62062074,Volvo,V40,2002,4,2020-03-08T20:57:29Z,7:07
969b7919-43f3-496a-ac14-2cfc5832a325,Mercury,Cougar,1988,16,2020-03-10T02:35:31Z,12:47
a54eb8d5-52db-48ba-84ef-9c6c0435e033,Hyundai,Tucson,2011,19,2020-03-11T17:10:02Z,15:15
d42f72b1-1e46-459d-b3dc-aca37086f030,Isuzu,Trooper,2000,10,2020-03-09T17:07:20Z,1:20
498a6190-2f02-4a58-b2e0-5374188a497e,Cadillac,Escalade ESV,2010,19,2020-03-13T08:47:27Z,11:35
4544ac5c-fedc-4e12-b917-0df30c3c2442,Ford,GT500,2008,4,2020-03-08T02:50:47Z,1:19
c8901671-ff39-43c1-8806-c94bf510712a,Lincoln,Town Car,1987,17,2020-03-08T13:38:24Z,3:02
09442d7f-7b4d-43eb-8a62-3f93426724ca,Hyundai,Veracruz,2012,12,2020-03-10T13:20:36Z,8:07
76ce896e-7dc9-4da0-927a-2d703e314870,Kia,Rio,2013,19,2020-03-11T07:25:14Z,3:53
1f941af9-e367-45b4-9384-1241516ba614,Nissan,240SX,1996,18,2020-03-11T23:42:11Z,22:34
357fd081-64af-43a0-be91-90d967e264c0,Cadillac,Escalade,2008,16,2020-03-08T20:13:36Z,19:03
fc894924-b3ab-4d82-82d1-f791d81f11e4,Jeep,Liberty,2010,14,2020-03-11T03:30:17Z,9:35
218f5df3-93da-40fd-8e3a-77eda2d764ef,BMW,M3,2004,14,2020-03-13T22:30:46Z,14:53
6bbc1cbf-c023-4091-8739-6e483837973d,Volvo,S80,2007,18,2020-03-08T03:43:42Z,10:12
14175fdc-6baa-4fb2-a463-22b0c29f4660,Infiniti,M,2011,11,2020-03-10T03:16:59Z,21:03
24f12686-dc18-4385-ae1e-a5eaf6ea0bc2,Hyundai,Elantra,2004,10,2020-03-09T16:10:41Z,0:29
d75d08bf-9f13-473f-a6e6-89a9b4492e8c,Toyota,Sequoia,2008,10,2020-03-13T18:50:05Z,10:26
1cc94c93-11bf-4662-87d0-af24a8d509cb,Ford,F450,2010,4,2020-03-08T13:09:09Z,21:48
b9d09991-c3f6-428e-a069-70fdb54855e7,Chevrolet,1500,1993,19,2020-03-09T20:09:16Z,19:13
8e62354a-1e6a-4a0c-80e6-9f05c4e49fb4,Pontiac,Bonneville,2000,15,2020-03-11T17:21:26Z,3:30
cba827a7-5fdc-4887-958f-a3e9a451c841,Mitsubishi,Diamante,2000,8,2020-03-11T12:20:19Z,17:28
1f5f8b3d-f052-43f2-9449-fe0278dd5635,Ford,Explorer,2008,4,2020-03-12T09:46:00Z,23:46
1ba5d8c9-0f48-40f2-9cc3-082f20b892e9,Ford,Ranger,2001,2,2020-03-12T07:10:56Z,9:55
633cf751-df29-4974-b75c-08b28c3be183,Acura,Legend,1992,4,2020-03-12T13:53:46Z,0:39
b8363610-5002-4264-8294-efc940695503,Mazda,B-Series Plus,1993,5,2020-03-09T06:56:49Z,9:42
4fe1be10-17fc-428a-84c5-7866ebab847d,Chevrolet,TrailBlazer,2009,11,2020-03-09T06:40:39Z,10:29
ca7c42b0-29a5-49cd-96dd-025407f969e4,Maybach,57S,2005,7,2020-03-08T11:45:49Z,19:29
6c42c8be-e6ed-432a-a8d3-1c0ee7af14d1,Land Rover,Range Rover,1993,19,2020-03-08T16:02:29Z,8:14
54e638ba-f08a-4872-a787-11398bcdcb21,Ford,Club Wagon,1994,4,2020-03-12T02:35:15Z,4:22
89b645fa-3ec8-436e-98c4-c771f64699f8,Subaru,SVX,1996,2,2020-03-09T01:40:06Z,8:07
a1be98b9-89c2-421a-bf64-818fea2e5809,Volkswagen,Golf,1991,8,2020-03-13T23:50:16Z,10:56
9a617ff9-c729-430d-855d-77c2bec4be8d,BMW,M3,2003,5,2020-03-09T15:49:41Z,6:29
50557180-e0ad-46a5-903b-ff71540dd999,Lexus,GS,2008,10,2020-03-09T16:03:02Z,11:58
d30b697e-c3c0-4fb9-9498-aca8c5fa2441,Ford,Excursion,2004,12,2020-03-10T00:21:37Z,8:48
d7a9a070-7e85-457a-a0b4-1b30ee11f34c,Acura,TL,2010,16,2020-03-13T14:55:12Z,14:00
aa197833-2ba1-4246-8bb7-aa02bbae6e1f,Mitsubishi,3000GT,1997,17,2020-03-13T13:38:42Z,19:14
721f5fd1-90e9-4f7e-bf32-a5c9d1653d8b,Subaru,Baja,2004,17,2020-03-13T16:10:41Z,14:48
5643fef2-9e17-4ff4-8013-254c7086f00b,Mazda,B-Series,1987,9,2020-03-12T18:56:10Z,13:26
19b5caf3-594a-4e50-99a2-fefcd548e277,GMC,Savana 3500,2001,3,2020-03-12T17:41:03Z,7:27
8c802a4c-0776-4295-a8a2-9811b2039c05,Suzuki,Reno,2007,15,2020-03-08T09:52:37Z,8:56
bb6dda94-a2eb-4e0d-bca0-d04b1966346e,Cadillac,STS,2006,20,2020-03-09T16:08:56Z,19:54
e31478d2-9146-42e0-b567-6baa9f71ad8b,Ford,Taurus,2011,13,2020-03-08T11:34:57Z,16:05
e1f5874e-02b6-4943-840f-7a77f5e8e2c6,Mitsubishi,L300,1988,19,2020-03-08T04:20:42Z,5:16
8f1b561e-b780-4779-b86c-c8a30fab6b47,Kia,Carens,2008,8,2020-03-11T09:18:10Z,7:21
ecbc0e22-26d8-4cf6-bf31-b748594ad80b,Pontiac,Bonneville,1966,13,2020-03-11T04:13:02Z,18:00
c5b32812-ad74-4588-b1ec-d6d567b2507a,Infiniti,I,1997,16,2020-03-08T04:50:30Z,0:19
0220b97b-3df2-46be-9001-5394a579c147,Mercedes-Benz,CL-Class,1999,7,2020-03-10T16:22:07Z,19:21
c83172e8-fa02-4b43-8f38-9731b28b8bad,Ford,Thunderbird,1995,16,2020-03-08T19:32:31Z,19:26
5ea88257-1a28-42b4-a5c2-8344a833bcee,Volvo,C30,2009,17,2020-03-10T17:01:04Z,11:49
4c5c427d-e352-491b-95a0-039f92240960,Subaru,Baja,2005,9,2020-03-08T13:06:37Z,5:46
b29283f3-344e-4a9c-bcda-8d1f17aac9c3,Honda,del Sol,1996,20,2020-03-10T07:15:56Z,23:22
d67af0c8-a0a8-47c6-962a-d7fd9eb09682,Chrysler,Cirrus,1995,13,2020-03-13T12:45:55Z,20:43
78f05099-4a76-4f8d-a33b-ca347e56f9b9,Volvo,XC90,2008,15,2020-03-12T03:20:06Z,6:51
70af1a21-e429-4c97-bbb0-3f1720700bc7,GMC,2500 Club Coupe,1992,20,2020-03-08T21:43:19Z,10:52
c853a126-25bb-4edd-b9b7-1f763f3680be,Pontiac,6000,1983,10,2020-03-08T23:55:16Z,1:37
97066070-2c52-4331-8ae4-2aa7c274c759,Subaru,B9 Tribeca,2006,20,2020-03-11T07:32:08Z,18:07
741332f8-41ea-4f76-a9e5-3fb20ea77fc1,BMW,M3,2009,8,2020-03-13T22:47:37Z,6:08
91f3d601-5bc0-4a5f-af05-75ded5154223,Suzuki,Equator,2010,12,2020-03-09T08:38:39Z,23:45
116d278f-72bf-42c4-b021-1afc2477498d,Cadillac,Eldorado,1999,18,2020-03-12T22:52:01Z,3:44
70c1ab34-7619-4623-8144-611e4df4be3b,Subaru,Forester,2007,13,2020-03-12T14:18:09Z,5:58
ce0c6cda-7627-4815-adb6-501ef1efcc7d,Ford,E250,2010,6,2020-03-08T03:25:00Z,18:42
be9f703d-43a9-4bfd-9e59-143b06615caf,Renault,Alliance,1983,1,2020-03-10T22:45:53Z,14:26
50a43f00-2ece-48ac-8fd3-cfc87423ff95,Toyota,Cressida,1992,17,2020-03-11T02:40:28Z,17:02
7edb533e-28e9-4bfa-86d8-4c20dbcd1fc3,Suzuki,Daewoo Magnus,2004,17,2020-03-13T09:42:03Z,6:43
f1f34f3d-eeb7-4a2a-8557-2d53370f7e57,Toyota,Celica,1978,20,2020-03-11T12:43:25Z,9:47
9e31c728-6ad0-41b7-9e8e-b053ba2b4353,Lamborghini,Gallardo,2006,15,2020-03-12T05:06:18Z,11:13
c4e69a6e-3a67-48e1-98d6-7134ff65c6cd,Volvo,C30,2012,18,2020-03-11T11:52:20Z,7:31
d1e339a1-b480-4fbf-a710-770c616b9213,Chrysler,300,2009,5,2020-03-09T16:48:27Z,17:04
4e1abca5-6ade-4eb8-b3fa-fba397ee3f5d,Ford,Bronco II,1988,3,2020-03-09T00:01:28Z,15:58
4b41506b-5915-454e-9d03-a7c6f6ff325b,Oldsmobile,Aurora,1997,2,2020-03-12T19:37:52Z,8:23
c232c210-147a-4bb4-98ae-fd05c03b75de,Hummer,H2,2003,13,2020-03-12T06:57:27Z,23:07
f1199636-ff6e-4aa3-99f9-081875193760,Mercury,Tracer,1992,9,2020-03-12T23:47:04Z,23:26
42da0654-79d5-46a5-a5f6-4beed6a8a79f,Lotus,Esprit,1985,13,2020-03-08T15:43:07Z,10:30
b25e8e00-2ef3-43d4-a0bd-5e82c8624997,Mitsubishi,Pajero,1984,15,2020-03-13T22:10:40Z,0:05
cd13a410-6677-4eea-85cd-3564bb80568b,Nissan,350Z Roadster,2006,2,2020-03-10T16:59:24Z,1:15
95fc6244-e7fa-46c6-b80c-9c3230dbf1bb,Toyota,Tacoma,1995,3,2020-03-08T22:13:20Z,5:09
bdd32009-8a3b-4f22-bd7a-d3670812e1ac,Saab,9-3,2009,9,2020-03-12T11:02:15Z,6:00
5c171340-eb08-433e-9652-1359532d1de2,Mercedes-Benz,SLK-Class,2010,5,2020-03-08T19:45:18Z,10:06
94613cbd-31b9-471d-8e74-a796b5c4532b,Ford,Bronco,1985,4,2020-03-11T04:15:28Z,19:52
2f2eefed-32d0-4fd4-bee5-9c9b5857ef38,Nissan,240SX,1997,20,2020-03-08T11:55:35Z,10:44
cebe44e9-e850-41ce-96f4-804ee386cdfd,Ford,Taurus X,2008,12,2020-03-11T09:22:01Z,16:03
ec09d013-f38c-417a-83ae-ae601612231d,BMW,7 Series,2001,5,2020-03-13T23:35:07Z,17:20
30b27776-ae2c-4a7e-9e7a-052d5f322f6d,Lotus,Elise,2008,11,2020-03-10T14:42:58Z,12:40
5b64fccf-2557-48be-b3d0-8ed5b4b7a985,Toyota,Celica,1994,2,2020-03-13T21:12:21Z,8:03
bc7ed44d-4249-4db3-9c1c-f5aef5f93d27,Toyota,Corolla,2004,8,2020-03-13T10:21:27Z,8:14
08f5df59-7a61-40af-9296-42cb9e1d2605,Chevrolet,Corvette,1986,9,2020-03-13T04:49:42Z,17:08
be7fa9f7-75a7-4152-b4ba-776a280edb7e,Dodge,Dakota,2008,10,2020-03-10T23:49:22Z,0:14
0c3af7de-4c01-4e7f-92fe-c22e7df187fa,Mitsubishi,Mighty Max,1994,17,2020-03-13T23:21:55Z,20:40
4a602b4b-b5d1-4af9-8cfb-cbd4553fc2b4,Ford,E-Series,1992,18,2020-03-12T15:53:12Z,6:57
e0e1731e-4e44-4044-b88b-16702ec51ad0,Dodge,Ram 2500,1994,13,2020-03-13T03:13:44Z,8:31
c34366ee-7e02-4be0-abb8-b5848c6cfb2c,Volkswagen,Touareg 2,2009,11,2020-03-08T14:00:49Z,4:12
24e4fefb-b1d8-441e-a9ec-e1d49575b1af,Mazda,Mazda2,2012,6,2020-03-13T18:31:07Z,9:09
a0e487f4-cb19-483e-85f7-2998e7fab87b,Geo,Metro,1994,12,2020-03-12T12:28:46Z,14:51
f996e4b5-1e62-4101-bbfe-75f5d6cd6796,Oldsmobile,Alero,2001,8,2020-03-11T18:14:58Z,17:20
0807aeb2-fa80-4d73-8afc-d78fce640b6a,Mitsubishi,Sigma,1989,5,2020-03-12T12:57:30Z,21:20
4a29785a-9f7b-4c38-b784-454ead5e85a4,Mitsubishi,GTO,1993,8,2020-03-13T03:08:24Z,13:01
41ddfea5-3929-4f59-846e-6519ca0c22be,MINI,Cooper Countryman,2011,5,2020-03-13T12:12:40Z,3:24
06da68f2-2a42-45a9-be6d-9a7e5a36b989,Mitsubishi,Eclipse,1989,20,2020-03-10T10:44:47Z,8:56
0b9f06c1-8414-456b-9a8c-7f27b4d31e9b,Chevrolet,Tracker,1998,3,2020-03-12T03:13:45Z,3:39
922fbd32-a92d-4531-ae9c-2fbf7bf9f1e4,Bentley,Continental GT,2009,2,2020-03-11T13:20:32Z,0:30
673535f4-da75-4324-a379-07c893965806,Mercury,Cougar,2002,4,2020-03-13T02:20:02Z,7:28
89cce411-cfa9-4ccb-ab02-c732a06d9195,Bentley,Continental GT,2007,12,2020-03-12T13:25:27Z,23:18
f9a77b58-c434-4eaa-ae46-9790866bf1f4,Saturn,L-Series,2004,15,2020-03-11T13:47:10Z,7:46
48ba1017-3d8d-479e-a08b-922561bf58ad,Ford,Explorer,2013,16,2020-03-10T06:06:06Z,14:34
599820ae-649a-4291-9f73-ec0cbc5f4c58,Ford,Escape,2000,13,2020-03-08T17:21:43Z,15:37
18293fad-0d2b-417b-b1c8-d5edbf092f29,Volkswagen,Jetta,2012,17,2020-03-11T14:48:06Z,11:04
66482a79-c9e4-4c82-ab1e-8e3b0f7479d4,Buick,Century,1990,9,2020-03-09T04:00:47Z,6:58
40ffb641-02b7-4f26-bc0d-92790d10e9d9,Chrysler,Sebring,1999,6,2020-03-08T13:17:43Z,14:30
6b39a794-61e5-4ff6-b376-7924d883cbba,Ford,Thunderbird,1967,9,2020-03-10T17:10:54Z,14:32
fb643536-691b-418e-9aed-786167610794,BMW,Z8,2001,7,2020-03-13T17:13:06Z,8:01
26167546-3a8c-437a-b1c5-a8d9eab84c30,Volvo,XC60,2009,15,2020-03-12T15:43:33Z,22:37
af825b88-665f-4921-be1d-bb16215c99eb,Chevrolet,2500,1998,10,2020-03-13T06:04:13Z,6:59
36ccd284-263d-46be-99c9-f6c2dc4f7736,Cadillac,SRX,2004,15,2020-03-10T09:57:48Z,16:31
74ff2b1f-52bf-429d-a2ad-57bf1e47cbce,Honda,Civic,1993,11,2020-03-10T19:03:40Z,12:19
d28771c0-c00a-4bd1-be0f-668747f07c56,Saturn,VUE,2007,13,2020-03-13T03:33:08Z,18:27
b4376a0b-6e26-4180-873d-4ab4764e1aed,Volkswagen,Touareg 2,2009,18,2020-03-11T00:47:50Z,0:30
0aafd638-d817-41d0-a7b6-7bc4dfffd46f,Chevrolet,Monte Carlo,1996,15,2020-03-11T14:40:11Z,11:49
a8083914-0d9e-45e9-aa35-f24dce293a15,Buick,Skylark,1990,3,2020-03-10T14:33:26Z,16:11
89b289e2-4fed-459f-80f7-a23644981c6a,Nissan,300ZX,1991,4,2020-03-08T01:46:31Z,12:09
4e3164bf-501c-4366-9c0a-e270baabc21b,Buick,Regal,1991,14,2020-03-11T18:11:04Z,13:33
076a86df-eae9-4ab1-9d79-955adfb18453,BMW,M6,2007,7,2020-03-13T02:01:39Z,8:03
997a8337-0bc5-4819-a8c8-96cb38254cea,Hyundai,Scoupe,1995,8,2020-03-12T00:15:24Z,7:07
450c274b-d23a-4450-abc4-6ffc9f872860,Acura,RL,2009,4,2020-03-10T10:55:31Z,20:14
293379c7-be4a-4df3-a6de-71de511e3e42,Infiniti,QX,2008,16,2020-03-12T12:36:02Z,13:07
df3e64e0-66cc-4e07-b777-baaec7547511,Volkswagen,R32,2004,2,2020-03-12T00:22:29Z,21:08
b0c24903-0d3f-4391-951c-432c4e4d73fb,Kia,Sedona,2009,13,2020-03-10T11:02:15Z,12:57
5acf6aad-78ab-4266-ae0a-5457d42bd825,Dodge,Neon,2004,8,2020-03-13T09:51:59Z,5:57
1522a126-4d5d-46d7-a47e-cddde6ca850f,Mitsubishi,Montero,2003,11,2020-03-09T03:06:16Z,8:20
7c9a76a7-41b3-43c2-b906-57f08fb310d4,Audi,A8,2006,10,2020-03-08T02:28:45Z,17:47
77e0b85c-2749-4286-83f3-c84ca5c2e138,Mercedes-Benz,300SL,1992,6,2020-03-12T02:42:42Z,14:58
4c597e9c-4a30-47a8-a8ac-39478ee7cd3c,Chevrolet,Camaro,1973,16,2020-03-10T05:12:46Z,18:55
a2c7654d-3c98-4665-a28f-5d7be2f973d4,Chevrolet,Caprice,1995,3,2020-03-11T14:08:54Z,18:24
30ae1179-63ce-4344-b21d-1ab6ca75fc29,Chevrolet,S10 Blazer,1994,8,2020-03-13T01:18:22Z,1:48
0d51c80e-250c-4c86-903d-b591a1fb0d8b,Land Rover,Range Rover,1997,1,2020-03-08T19:55:46Z,11:59
5b062b4d-c4a0-4022-baec-ab32fa1d79ed,Chevrolet,Astro,2000,12,2020-03-13T03:46:12Z,21:09
13fd3c56-b9c4-40a4-b97d-928ab0aab8bb,Daewoo,Lanos,2000,8,2020-03-08T16:38:50Z,15:12
98d36bd9-fef7-4778-9c8a-efaf17abb088,GMC,Savana 2500,2007,5,2020-03-13T21:50:52Z,23:40
8549e5f7-0143-4657-96f0-dbc61f633aa6,Mitsubishi,Eclipse,1990,14,2020-03-12T00:37:55Z,16:17
41492359-2e4f-4ccb-a31d-4a46928bd6fd,Mitsubishi,3000GT,1995,4,2020-03-12T22:27:43Z,17:46
0d163eb9-bb91-4e4a-b326-978a8bf9ad16,Isuzu,VehiCROSS,1999,14,2020-03-11T06:49:28Z,11:55
be5bdb65-dfb7-4cd0-b584-e1af6c806ba9,Maserati,GranTurismo,2009,13,2020-03-09T03:04:41Z,4:00
3fb5294d-b5e4-406b-8211-69f55ce076fe,GMC,2500 Club Coupe,1993,3,2020-03-08T03:25:36Z,6:16
1a74d7fc-bac9-4796-ab6d-3cc77dab753c,Buick,Park Avenue,2002,9,2020-03-13T19:08:27Z,4:00
18f60cb2-a4d7-425c-862d-12154d46466b,Hyundai,Santa Fe,2001,18,2020-03-08T17:54:24Z,15:00
434ef53b-828d-4737-b8ad-4c51019b0cf5,Lincoln,Continental,1987,16,2020-03-09T01:26:05Z,18:16
bd96b024-129a-4e5b-9150-3342a654b34e,Morgan,Aero 8,2006,6,2020-03-11T02:55:28Z,17:24
2403a1ea-697b-491e-b027-c3599d29b4a8,Cadillac,Eldorado,1999,7,2020-03-09T20:05:30Z,3:01
3f85ec0c-a567-48d0-b789-ba37749c59d5,Audi,S6,2008,2,2020-03-11T00:12:28Z,14:58
1687af27-5d34-4449-bc22-13662f153856,Dodge,Ram 3500 Club,1995,17,2020-03-13T21:42:06Z,14:21
4871be9c-743b-4f67-934a-02d74c502048,BMW,530,2001,13,2020-03-13T11:59:35Z,5:06
19e6d840-e110-4894-a9f9-e75ada3886e6,Honda,Insight,2006,20,2020-03-12T03:32:31Z,13:26
492b969b-fd66-4cd5-8e36-95d92c9c4cbd,Aston Martin,V8 Vantage,2008,20,2020-03-12T07:04:59Z,17:33
b90b6836-57b0-4d95-8cdb-bb9f3f6fbd3c,Ford,F-Series Super Duty,2009,6,2020-03-08T18:14:01Z,5:17
ae876cb4-6b2b-4582-9e6d-eeb1cf31ba78,Mazda,RX-7,1995,14,2020-03-13T01:02:12Z,13:23
1ee0d2bf-05d4-4145-bc36-155145fdefc3,Infiniti,IPL G,2012,6,2020-03-11T15:00:35Z,18:11
22ab46eb-46ce-4a3e-8b00-2310919f427b,Mercedes-Benz,SL-Class,2008,6,2020-03-09T02:26:38Z,10:58
72e3ede6-104c-4e2e-b720-400b8ae56da7,Chevrolet,Corvette,1968,15,2020-03-11T19:56:48Z,15:41
7b54e6b4-6f1b-45a9-b0cb-f0f3b0dd308a,Lincoln,Continental,2000,12,2020-03-12T15:48:55Z,4:46
734af13e-6dcc-46cb-be04-75da1ce646ba,Chevrolet,2500,2000,13,2020-03-09T09:15:12Z,12:25
103312c6-448f-4183-a542-841475c0ff18,Chevrolet,3500,1992,8,2020-03-10T14:28:02Z,23:07
ebe3a140-17bc-452a-9077-ae722537d9cb,Volvo,850,1994,4,2020-03-08T02:00:21Z,23:33
0d3b2c3e-6e2f-409f-af49-47c538ecbb5a,Mitsubishi,Diamante,2003,14,2020-03-09T09:53:46Z,23:30
07550fd5-dc3b-4d1b-9378-d0fd7a789fbd,Subaru,Impreza,2005,8,2020-03-09T18:27:33Z,3:24
362113b0-d01a-463d-b74f-e504282fdda9,Pontiac,Firebird Formula,1999,19,2020-03-12T20:04:48Z,19:54
74ba97cf-cbb3-416a-a44c-c7bbcc720b59,Toyota,Celica,2005,17,2020-03-11T20:16:06Z,14:26
7fd73bd2-acc3-4606-bd40-2bb908d5d61f,Mercedes-Benz,M-Class,2009,13,2020-03-09T04:59:14Z,1:58
81dba6d6-c5db-40db-a869-269222a1f15e,Chevrolet,Silverado 3500,2002,16,2020-03-12T10:05:56Z,4:49
c2eebf74-363e-41de-9b88-8c31c3ab8053,Plymouth,Neon,2000,11,2020-03-09T01:02:27Z,11:15
b036bcb7-3bdf-46de-9ab5-b321684b9de0,Mazda,Mazdaspeed6,2007,9,2020-03-09T19:22:50Z,12:11
4de6997e-c17b-4a43-b7bc-ff3a103f7407,Lexus,RX,2000,1,2020-03-13T10:32:51Z,10:29
10448310-3b35-4567-a98d-8aef53d8ed0c,Jeep,Commander,2008,19,2020-03-09T17:04:30Z,19:33
95de7b6d-b3f9-4d6a-b6e2-74af59c39a17,Ferrari,612 Scaglietti,2010,16,2020-03-12T09:21:19Z,12:45
ad11ca16-d4e0-4834-95e1-bbbf18026807,Volkswagen,Touareg,2004,20,2020-03-12T03:37:57Z,9:24
0edf6125-f6c6-4a89-9ecd-c325f7d7b578,Mazda,Mazda3,2005,19,2020-03-08T18:02:02Z,4:37
01bfa304-3710-4108-9e04-03c4dca18c21,Maybach,57,2011,1,2020-03-11T05:27:46Z,8:43
72cac614-acb9-4d08-a877-f0e98289698f,Mitsubishi,Galant,2008,2,2020-03-08T16:30:55Z,0:51
78356093-235a-4d2b-9354-0f320453ada2,Pontiac,Grand Am,2004,15,2020-03-09T22:30:14Z,5:12
62372224-35ed-4d0c-a1c6-a7687a3aed7a,Chevrolet,Tahoe,1996,18,2020-03-10T07:12:03Z,7:49
e87e3191-ea60-493b-9de6-ccdf5a3e37be,Suzuki,Equator,2012,7,2020-03-13T04:25:39Z,20:57
cc7aae32-7276-4be2-b18c-72be290fa2c5,GMC,Envoy XL,2006,9,2020-03-13T17:28:59Z,17:17
106dd3f3-17fc-4172-9e54-8ebafee98300,Chevrolet,LUV,1979,17,2020-03-12T10:22:21Z,1:32
ae53279b-3082-442b-a11c-63d239715406,Jaguar,S-Type,2001,7,2020-03-11T18:14:02Z,11:34
6540933f-ea86-4b64-be0d-b51f3febf80c,Jaguar,XJ Series,1996,1,2020-03-10T23:50:43Z,13:11
82b4a84c-e8ec-4ba5-9c1c-b69a7ddfc2e1,Honda,Accord,2010,11,2020-03-08T13:06:43Z,19:54
2ada0a2f-3ed4-4f6a-9ae4-83005819a3a8,Acura,NSX,2001,5,2020-03-10T22:25:36Z,3:26
34867986-fc6b-4c94-9f62-111cd5e11237,Dodge,Durango,2012,13,2020-03-08T11:45:55Z,0:38
adef9d8b-3cd4-40b0-910f-91548fead948,Porsche,911,1992,7,2020-03-08T22:20:35Z,2:46
9cebc239-fdd6-4b18-a1a3-f038926d78db,Mitsubishi,Starion,1987,9,2020-03-09T03:58:03Z,13:28
46b53c2d-e8bd-4f7f-87ce-bb9259e28725,GMC,Acadia,2010,3,2020-03-13T12:04:06Z,8:58
09a0d77a-e44c-4a6d-a9dd-d60f4306d763,Volvo,S40,2003,8,2020-03-13T18:27:47Z,16:20
3963fdcf-afa4-4244-98fe-89dc32448109,GMC,Envoy,1998,11,2020-03-11T03:52:42Z,11:43
8e61f591-20fd-482c-952d-00f9631666bb,Lexus,GS,2000,8,2020-03-12T14:56:30Z,22:08
5412bd85-f63b-4eb2-8fe8-f23505581d35,Chevrolet,G-Series 2500,1997,15,2020-03-08T05:05:00Z,18:27
7ab26c25-4e74-4b10-a359-dc918aa42fec,Toyota,Sienna,2003,7,2020-03-11T07:33:03Z,22:09
1d52e22b-4429-4f7a-b8d4-82bb2de458d5,Mitsubishi,Challenger,2003,16,2020-03-12T18:10:38Z,15:01
cd3091f1-aac7-41ad-b46b-5c5dc7eaa1ca,Mitsubishi,Chariot,1996,11,2020-03-08T15:08:38Z,16:59
aa8fa048-573d-4353-aad9-d8355a45a045,Pontiac,Grand Am,1985,9,2020-03-12T12:45:18Z,16:37
c7878ec8-607c-4699-a160-95dac8840420,Oldsmobile,Bravada,2004,7,2020-03-11T13:18:08Z,14:39
8e4d4fb4-b0e0-47c4-b213-f699acfdc708,Ford,F150,1998,4,2020-03-08T10:57:56Z,5:35
80ad97f7-2ee7-49f1-972c-00482e5b6191,Chevrolet,Equinox,2010,9,2020-03-13T14:49:42Z,14:00
4573ec44-e777-4d2b-b8ec-76030e0bd551,Audi,A6,1999,3,2020-03-09T00:44:32Z,1:56
33c7c355-f79c-4302-8fa2-52a4bb7711a3,Ford,Explorer,2008,3,2020-03-09T07:09:50Z,19:19
19ad4396-ff4a-4c32-983c-e0473fa8d76b,Volvo,S80,2012,20,2020-03-13T18:33:39Z,18:34
3f35df3a-2732-4592-b035-f0c2099fd900,Lotus,Esprit,2000,13,2020-03-13T17:44:14Z,6:58
e1384d49-2a20-4083-beee-d04fe59cabf4,Suzuki,XL7,2006,17,2020-03-10T17:23:21Z,2:21
12ab31f7-c312-457b-ad13-a124e12e7041,Honda,Civic,1988,7,2020-03-08T19:47:36Z,17:52
ff7c0058-71c1-4f2d-8136-37caf3bd488e,Hyundai,Sonata,1997,12,2020-03-13T06:11:34Z,18:43
e885641e-4c27-4caa-84e6-6502c7cc78c9,Lincoln,LS,2001,14,2020-03-12T17:46:56Z,12:07
92d1c67e-2008-4965-bb12-c2ed14a8c108,Ford,E-Series,1995,11,2020-03-09T22:42:30Z,23:20
13c521ec-61e4-4818-bfe7-688d002b1d80,Mitsubishi,Galant,1996,7,2020-03-09T02:26:56Z,7:00
65c97bbb-06b1-496b-8b05-912d65fb701a,Dodge,Ram Wagon B250,1994,14,2020-03-08T14:17:00Z,9:11
ec35d4f5-aa84-4fd7-84bc-edd6a0c4c789,Dodge,Ram,2007,11,2020-03-08T22:33:44Z,9:14
3a3a6983-0a05-4483-a558-4262e11e45b0,Oldsmobile,Cutlass,1997,9,2020-03-08T11:21:23Z,9:43
777f18d3-e984-4f25-b327-1c83e0d07e0b,BMW,1 Series,2010,1,2020-03-12T12:06:59Z,9:51
371c22aa-81bf-4046-af14-3fcf04d76410,GMC,Rally Wagon 2500,1992,14,2020-03-09T12:54:27Z,21:56
74cd6d29-7983-46ff-9eb9-73d09b7570b8,Nissan,Murano,2003,7,2020-03-11T13:41:50Z,3:38
4ad66311-bb2f-4078-8bb1-f9adf6e92c17,Nissan,Maxima,2002,12,2020-03-11T06:38:44Z,3:59
03063648-57a2-4010-9aa0-a8085e8f17f8,Toyota,Celica,1996,5,2020-03-12T20:25:44Z,19:40
50bdf237-f2fb-4b18-9545-9d3d6c03fcb6,Lexus,SC,2004,3,2020-03-11T00:05:12Z,15:03
27d5e26a-ceeb-4e05-8cf3-20bfd1c567a8,Ford,Bronco,1985,14,2020-03-12T11:10:15Z,22:53
8512547d-b9eb-4544-bcc6-a26dc3304124,Audi,5000S,1984,11,2020-03-08T04:11:12Z,17:43
0cb8efa4-9ab8-4e62-b3b5-0f18b4c06da2,Toyota,Tacoma,2001,14,2020-03-13T08:42:46Z,12:17
ab0167dd-3b69-49e9-b2eb-e91ee0906681,Ford,Escort,1998,20,2020-03-09T01:24:46Z,4:03
b7e34999-04b6-43d2-a472-060c0e9e6103,Chevrolet,Cavalier,1999,18,2020-03-12T15:31:20Z,14:28
462ecc87-182c-418d-b150-6b0680039d7a,Chevrolet,Caprice Classic,1994,14,2020-03-12T02:46:15Z,2:36
ad8bf8e1-0375-4259-a86f-ca0e90432151,Lincoln,Continental,1997,15,2020-03-10T14:53:42Z,6:04
ad3282ce-4e0a-4eb0-bfce-ccc4be6c7881,Chrysler,New Yorker,1995,12,2020-03-11T02:06:33Z,10:47
86d8cd3a-660a-4c2d-87db-eae164b8fe4b,Ford,Taurus,1993,16,2020-03-13T07:05:07Z,14:15
b132b70e-5704-4b3a-8019-a2688cda3d62,Toyota,Sienna,2000,10,2020-03-09T14:06:55Z,23:45
94fdd6f7-5740-4b33-b08c-2ff7b58752a5,Nissan,Maxima,2010,16,2020-03-13T22:42:10Z,8:53
087b8413-188f-4807-9193-2027a33dcc5b,Honda,Passport,1997,3,2020-03-12T01:55:00Z,14:03
81213b21-b1d0-4c9a-8712-0a7a6c7956dc,Jeep,Liberty,2010,14,2020-03-08T01:46:25Z,12:23
916e56bb-c638-4505-9173-336081646c9c,Chrysler,Sebring,2003,5,2020-03-13T07:33:11Z,13:14
b28444eb-e180-40a3-bea6-6b753b4d18c5,Chevrolet,Express 1500,2002,11,2020-03-10T09:07:24Z,1:31
6fa66f3d-c089-43b3-9032-5c8f881cdbb0,Jeep,Wrangler,1992,7,2020-03-10T00:36:49Z,21:22
d88e3fe8-dfac-46b1-beed-e14d4b117136,Mercedes-Benz,S-Class,2006,16,2020-03-08T05:27:52Z,9:28
7c257206-cebf-4a5d-a2fc-a831b37c6bfb,Pontiac,Aztek,2005,9,2020-03-09T04:46:06Z,10:31
33271e30-8260-4821-80b8-72e19178e88f,GMC,Suburban 1500,1996,2,2020-03-13T08:47:03Z,12:45
d592c55c-da82-426a-9d4b-30f3b826a5ab,Suzuki,SJ,1995,18,2020-03-13T21:15:06Z,17:39
b64b5442-00f0-4f12-adad-804c97470312,Mercedes-Benz,W201,1992,17,2020-03-12T05:22:52Z,0:56
e5760d82-15e4-4271-a465-c3fbe8a3dad5,Mazda,Protege,1999,2,2020-03-13T08:10:50Z,8:21
4f91243b-b903-4d3d-8176-b656fd93a91e,GMC,Suburban 2500,1993,14,2020-03-11T19:54:08Z,3:27
c1b7bad2-ce79-43ce-a777-2af574f23d93,Audi,A8,2002,20,2020-03-09T09:05:40Z,4:57
673226a2-ad32-4db3-a4a3-3c20465b92c8,Plymouth,Voyager,1995,16,2020-03-12T23:48:10Z,6:28
99ca85be-14e5-4074-90a6-43bb931ec482,Mazda,Mazda6,2013,14,2020-03-10T15:01:46Z,3:43
3eea6ecc-1f23-4e2c-99d5-ecc0cddafbf2,Ford,Flex,2009,10,2020-03-13T19:22:54Z,8:02
19541077-ca3c-4571-9b26-bf7fc96748c9,Mitsubishi,Lancer Evolution,2004,20,2020-03-09T08:37:54Z,3:51
9c447304-b0ab-4dcb-b7a4-49f381995a70,Pontiac,Grand Prix,1988,4,2020-03-09T10:13:59Z,8:37
72bce06f-ea9f-4964-b5c5-1eff606aaf03,Mitsubishi,Pajero,1994,1,2020-03-13T07:07:05Z,14:03
fa3ed21b-24d3-45c3-9dd8-130a87770857,Dodge,Ram 3500,2004,16,2020-03-12T07:36:07Z,3:20
74b14e1c-8d5a-4df9-a374-5f491a64d530,Mazda,Mazda3,2009,17,2020-03-11T21:28:08Z,19:18
462542f5-7d92-45e5-8cfd-a9c3ebf65a85,BMW,M Roadster,2007,9,2020-03-10T20:06:14Z,21:18
f1fbfce8-5269-41e8-bb3b-c510a8dd537c,Chevrolet,Blazer,1997,2,2020-03-12T12:09:21Z,3:11
2eeb8177-90f4-4e75-a862-a74d3d121736,Toyota,MR2,2002,4,2020-03-10T02:22:38Z,16:32
fc79daa1-ce82-469d-b071-148d6a36bcda,Infiniti,G,2007,3,2020-03-09T01:00:31Z,4:59
a4d77fc5-06bb-4a58-bb25-6a33832b7455,Ford,Fairlane,1965,1,2020-03-11T18:48:49Z,4:11
0a06bcbc-754f-49ee-af88-252d18a9e558,Chevrolet,HHR Panel,2006,16,2020-03-12T21:13:54Z,16:51
63c153e3-1333-41d0-9e06-54b89aba26fe,Land Rover,Range Rover Sport,2007,6,2020-03-08T04:11:27Z,10:53
4ce238d5-d6e9-41cc-a4d4-97c70a6ad7fb,Maserati,Quattroporte,1985,3,2020-03-13T21:21:16Z,4:39
5139e753-7846-4179-8bf5-6267abcde152,Ford,E-Series,2001,4,2020-03-13T22:21:16Z,5:55
dc543d17-66f7-4ed6-b66b-0abe753f434d,Ford,Escape,2000,13,2020-03-10T22:34:03Z,19:08
ef774033-8e4f-4092-a4f3-ce756dfad899,Pontiac,Trans Sport,1993,16,2020-03-12T21:47:37Z,21:33
6a1168a3-301f-4b6c-b5cf-389282f15fa1,BMW,1 Series,2009,7,2020-03-08T17:30:51Z,0:12
60bc4cfc-714b-4d4a-89f8-49d8c9614305,Toyota,Highlander,2011,15,2020-03-13T22:23:41Z,14:06
ee3ca16a-53f8-4f57-a070-8ee8e31f6174,BMW,X5,2010,15,2020-03-12T14:48:24Z,6:04
dd6c8eb9-0bca-4ddb-b89f-9cc2955bb600,Honda,Accord,1991,10,2020-03-12T02:34:09Z,11:41
4a69fc8d-8661-47d5-9181-1a463ee6efdd,Saturn,VUE,2004,17,2020-03-11T10:43:28Z,18:11
78c137d6-be72-4e3f-8ac6-7c52a27c6295,Land Rover,Range Rover Classic,1993,10,2020-03-12T02:58:22Z,19:32
254fec87-395b-44ed-9733-30408a6e9a06,Saturn,Ion,2006,2,2020-03-13T15:15:36Z,22:34
3039a73b-4657-4eb0-89a7-d1b3eb30eadc,Buick,Enclave,2010,1,2020-03-13T07:40:41Z,2:58
5f7696d8-6e0b-4907-9afc-ef68074d1f5f,BMW,X3,2008,15,2020-03-12T19:59:12Z,18:00
bf345ee6-5860-4a0b-950b-b84927d29173,Porsche,928,1986,1,2020-03-13T10:43:47Z,18:15
140ad53d-d423-47d1-865a-d1200695e953,Buick,Park Avenue,2001,8,2020-03-11T01:51:03Z,23:17
5be38475-05d7-41dd-a29e-a7fd665e5e06,Chevrolet,Silverado 2500,2007,6,2020-03-09T01:43:32Z,20:17
235fa80a-92e9-4041-8545-9ca1f69a7dd0,Lincoln,MKS,2009,20,2020-03-08T09:03:59Z,19:20
517bf9fb-a41d-4563-bdb9-b7d9d4d444fb,Honda,Insight,2006,10,2020-03-10T17:41:58Z,4:03
0bb03bf9-f89c-4ec8-9979-3758d56bfad9,Infiniti,M,2012,3,2020-03-08T20:04:24Z,19:34
688ea0ae-0aea-4db5-8c17-6689697ea176,Oldsmobile,88,1998,2,2020-03-12T01:18:25Z,15:39
b9fa02ee-0daf-40ea-a03b-2064687158f9,Nissan,Maxima,2009,12,2020-03-09T16:57:14Z,16:12
6164746a-bfa9-4b9e-b9ef-e02c8e71c0f2,Porsche,911,2005,1,2020-03-09T13:41:44Z,11:20
6f09edd1-6a4a-4d5d-8c1c-d1405fe6cd42,Eagle,Talon,1993,18,2020-03-12T17:23:54Z,21:45
de0dc7fb-4891-4f0d-a068-194423152749,Lincoln,Continental,1998,10,2020-03-10T15:52:18Z,9:00
36a77424-00c3-4e4d-a180-c77fef8ca46b,Ford,Laser,1985,16,2020-03-09T17:58:15Z,16:38
d91d814c-2c70-4c48-bb2e-e8656bc40253,Ford,Festiva,1993,8,2020-03-12T22:13:50Z,19:17
0e7b55f3-406e-4ff2-8fd4-b1287dbc167a,Lexus,SC,2000,11,2020-03-10T04:18:25Z,0:14
3d1daa6c-d02b-4ed4-88df-4df19ec3e2d9,Lincoln,LS,2006,15,2020-03-10T01:06:16Z,21:36
3acdf9f0-4a1d-48f9-b68a-3b2f13ae88f9,Chevrolet,Aveo,2005,8,2020-03-10T22:59:06Z,8:54
083dc702-0a4a-47cc-badd-7f924e6409c9,Land Rover,Range Rover,2011,9,2020-03-09T12:51:16Z,1:24
574d8a52-8c31-4075-8efd-f8fcc6eb0fa0,Suzuki,Aerio,2007,10,2020-03-08T05:31:20Z,6:33
1c05a727-da33-4a81-b02b-b13226737a5d,Bentley,Continental Flying Spur,2010,4,2020-03-08T14:09:38Z,15:21
9d55aac2-c53d-4b5e-bcdc-5d384f56114a,Buick,Century,2004,14,2020-03-08T07:51:45Z,21:22
b3ad260f-d28f-4235-83a5-11373f0f9927,Mercedes-Benz,G-Class,2007,4,2020-03-08T05:11:43Z,18:54
1bb30f2c-596b-413a-a3bd-5378aa309432,Honda,Insight,2003,9,2020-03-13T00:14:57Z,0:04
a6b19c10-7e32-47f4-93b7-53e577d76ef9,Toyota,Tercel,1998,9,2020-03-10T01:31:58Z,18:24
edc63c8a-ab8a-4d65-ad6d-06bbc5e73957,Porsche,Boxster,2010,18,2020-03-09T10:26:46Z,5:02
a11217dd-994f-4464-a79e-7bf11a17597e,Hyundai,Scoupe,1993,5,2020-03-08T07:00:34Z,10:52
fc272ca9-5cef-49bc-b922-9db59c73e442,Lincoln,Town Car,1994,19,2020-03-11T10:40:39Z,9:30
2e0750af-3c53-47e0-9068-d1ce44fe91e4,BMW,7 Series,2011,7,2020-03-08T23:05:36Z,0:15
daa59bac-f413-4305-8170-2381087c4efa,GMC,Yukon XL,2006,3,2020-03-13T08:33:52Z,15:31
af59aa85-6c4f-46f1-a2e0-12880bc9d9ef,Infiniti,M,2004,13,2020-03-13T03:55:14Z,3:04
23f7b08d-3fb7-4c0a-8913-a28584295cc9,Volkswagen,rio,2000,9,2020-03-12T11:11:17Z,19:26
4f646121-2ad2-4f07-9b70-488f6e5ab8d1,Honda,Civic,1989,11,2020-03-09T03:37:01Z,0:33
e5a2ff36-38b9-48ac-848f-a15ceadf5788,Dodge,Journey,2011,12,2020-03-10T08:33:41Z,1:16
4e824f16-34f0-48fc-847f-ae79a6e79187,Chevrolet,Suburban 1500,1994,4,2020-03-10T02:03:25Z,0:25
1a8eab02-e261-4026-8f1f-752d8997c29d,Rambler,Classic,1963,9,2020-03-10T19:23:54Z,11:49
3659831a-b219-4730-842b-35890ed4f46a,Audi,S5,2008,12,2020-03-12T17:55:41Z,19:52
5f1e5c1a-8205-4298-a265-da52d928262b,Pontiac,Sunfire,1999,5,2020-03-09T10:49:26Z,12:51
2977769c-52c8-4521-ab2e-182f3661bb56,Cadillac,Escalade,2000,11,2020-03-09T13:52:54Z,21:24
62bd206f-16ac-4c11-a3ae-adb893bb7c60,Pontiac,Bonneville,1998,7,2020-03-13T18:42:38Z,18:41
a0b4ada9-f8f7-4a34-8b7d-4f1bef83b468,Mitsubishi,Diamante,2003,10,2020-03-12T01:00:03Z,18:35
7c9f85a5-ce49-425f-b340-21b38dc7b0d0,Audi,A4,2004,5,2020-03-09T01:22:41Z,3:45
d49913a1-3b00-44bf-b785-e80992065672,Chevrolet,Corvette,1997,1,2020-03-11T03:25:56Z,10:14
3b09ccad-84da-466a-84bf-eb192b1c8af6,Pontiac,Grand Prix,1990,19,2020-03-10T04:02:29Z,18:36
f82765b1-1ab3-4e61-8b9e-0cb5a7c29f6d,Jeep,Liberty,2007,12,2020-03-09T08:22:45Z,10:10
cf4386b9-0741-4198-b864-433eda1c1a00,Hyundai,Tiburon,2001,15,2020-03-11T05:14:09Z,12:43
74eedd2c-debf-466c-9479-bbd3b67cd82c,Toyota,Land Cruiser,1997,9,2020-03-08T14:05:28Z,10:04
db660ab9-7498-4771-b07d-bbe2b22d30ce,Mercury,Topaz,1992,6,2020-03-11T02:35:01Z,12:58
192b5900-3ade-4082-8b00-bfd77f42b727,Chrysler,Cirrus,1995,12,2020-03-12T19:47:01Z,9:44
174cc119-b577-432a-adeb-22f9eaf95789,Ford,Ranger,1984,3,2020-03-09T17:19:06Z,1:00
2869f571-8a2c-4265-87f1-51fce9ab415d,Oldsmobile,Silhouette,1995,6,2020-03-12T21:10:39Z,1:30
3b574479-52c1-4be8-a2d6-f4379ed4d993,Mazda,MX-5,1991,8,2020-03-11T22:01:06Z,1:24
e483f372-2995-4ed9-813c-94269c609e36,Subaru,Tribeca,2006,15,2020-03-11T23:25:30Z,4:35
2ea7d474-e07c-476f-b4e0-1c71457be8cc,Chrysler,300C,2005,2,2020-03-12T03:21:25Z,7:24
e6b0ba5c-7bba-4f9b-ac96-4ec1185c6c27,Aston Martin,V8 Vantage S,2012,6,2020-03-12T05:49:14Z,9:58
3f8a0663-2ffc-4f8c-8d04-fec355fab78f,Chrysler,Concorde,1998,7,2020-03-08T15:55:56Z,14:42
a3e1b78c-5e08-4979-beb2-3a76f051b231,GMC,Savana 2500,2006,1,2020-03-13T16:13:27Z,21:17
5e51375d-8284-41ef-b3bc-794efa35b5cf,Kia,Sportage,1997,11,2020-03-09T01:06:45Z,21:36
af3a220d-a497-421e-ae31-53958a267afe,Mercedes-Benz,E-Class,1995,3,2020-03-11T14:33:18Z,8:04
dfef6933-1469-474e-8902-54726882f631,Mitsubishi,Chariot,1986,17,2020-03-13T00:48:58Z,11:59
1d90b7db-0a15-420a-8415-0e2d75893a7c,Lincoln,Continental,2002,12,2020-03-13T04:20:04Z,13:15
29137281-a9cc-4abb-8a15-da1aa20b12c7,Toyota,Land Cruiser,2002,7,2020-03-12T04:52:08Z,15:33
f373b0a0-51f1-4759-815e-500a7ec572a9,Pontiac,G6,2007,14,2020-03-11T09:51:33Z,17:34
a1b1700f-55de-4add-8351-9f48d9adaa8d,Jeep,Compass,2012,14,2020-03-12T23:39:09Z,17:04
1c51e1ce-ff1f-4e1a-9add-992161114227,Ford,Taurus,1992,5,2020-03-09T16:20:32Z,3:39
071a5002-cfe2-42b4-af25-e47a02f2902c,Chevrolet,Express 2500,1997,15,2020-03-11T01:08:07Z,15:53
b3e5ea94-cee7-4644-b035-01fb5ed9b825,Toyota,Land Cruiser,1996,10,2020-03-12T15:17:09Z,19:00
2f4d3244-c71f-4aa1-8f46-e245c0d8cc85,Mazda,929,1991,18,2020-03-13T12:53:38Z,22:04
c0c3722f-751e-4b88-8726-3353f8073f7a,Subaru,XT,1990,19,2020-03-12T12:48:33Z,22:46
c716b38f-2db0-405f-9aaa-f8104688c86c,Ferrari,F430 Spider,2006,19,2020-03-10T14:29:33Z,20:30
8b97e963-096d-41a2-b964-9c76f30aff31,Land Rover,Freelander,2008,1,2020-03-08T04:09:18Z,20:34
41132411-13b2-4389-b378-234488237808,Toyota,Previa,1997,11,2020-03-10T04:27:59Z,3:30
9bb74c89-7d4d-4afb-ba1c-6e9afb3f6a10,Buick,Lucerne,2009,4,2020-03-09T16:29:17Z,13:29
df568dd1-3bfa-47f5-a5e4-7d6c9895f612,Mitsubishi,Outlander,2011,7,2020-03-13T23:51:16Z,7:15
ee60e497-f1a2-4b21-b613-242114f060da,Chevrolet,Suburban 1500,2009,20,2020-03-12T08:07:15Z,4:42
80259a4c-f26e-4028-a119-f0ae7b8a1a09,Volkswagen,Jetta,1995,4,2020-03-08T18:39:15Z,0:50
12f727ac-8cc9-4791-9672-d5dd122b55a5,Isuzu,Amigo,1994,19,2020-03-10T19:15:57Z,22:55
3f039f3e-a333-4bb4-897e-8687e15bb8e8,Pontiac,Monterey,2005,5,2020-03-11T17:31:27Z,9:19
ff9d3789-2b16-47eb-b3f7-59f9392f5991,Chevrolet,Suburban 2500,2006,14,2020-03-11T21:06:46Z,2:05
b080ec10-fc2a-4e1d-b83c-9ff4bfb55d52,Ford,Taurus,2009,12,2020-03-11T12:36:25Z,13:47
d7609fae-6ca1-4c35-b72c-9699c7a18ea9,Nissan,Altima,1996,17,2020-03-13T16:17:33Z,6:37
b5d1d0e3-fbfc-4902-9882-1c78ed0ac062,Chevrolet,Beretta,1995,12,2020-03-08T15:11:01Z,14:48
4e42d68c-5448-4dff-936a-69e2d01f9379,Scion,FR-S,2013,10,2020-03-10T07:58:03Z,17:53
7c938a08-997d-4662-9660-bfee6ca8da05,Subaru,BRZ,2013,7,2020-03-12T06:23:27Z,20:51
0508af09-de9c-4062-8af9-85b517f1995a,Porsche,Boxster,1998,2,2020-03-10T00:21:07Z,13:49
54c49f3d-f91a-4a2f-bf59-afdab8a8bef9,Dodge,Dakota Club,1999,9,2020-03-10T08:19:03Z,9:20
c3ac188f-bec2-423d-a4b2-380c399ae8c2,Chevrolet,Cavalier,1997,4,2020-03-10T04:54:34Z,5:00
017835f4-bce5-4ff8-85f0-e30843de97e8,Dodge,Ram Wagon B150,1992,13,2020-03-09T12:52:19Z,10:11
1d784b11-097e-4222-a097-72153f6e8a4e,Saturn,S-Series,1999,8,2020-03-08T23:51:46Z,10:36
67f374c2-08ea-47ce-96c3-da3160fb6ffd,Chevrolet,Express 2500,2011,8,2020-03-11T22:03:53Z,1:10
712ce5af-3283-4244-b062-5d70b8f2f408,Ford,Windstar,1999,2,2020-03-09T21:41:44Z,21:33
f7b3d6d7-dd0c-45fa-b61f-b1710296accd,GMC,Yukon XL 1500,2006,20,2020-03-13T09:16:01Z,0:20
5f007bea-5767-4ee5-962f-bd08c8bb770c,Chevrolet,Camaro,2011,20,2020-03-09T14:43:31Z,18:45
d2bbfd3a-fbdf-4156-878c-9f256d68716c,Acura,RDX,2009,18,2020-03-11T16:53:57Z,8:45
cd75eeee-582e-4878-b199-b1569b0e6460,Mitsubishi,3000GT,1998,1,2020-03-09T22:54:32Z,13:30
50096cd8-57dd-430d-b9bb-1a900d98773d,Kia,Sportage,2009,7,2020-03-11T21:44:18Z,4:43
05848143-83fe-4c54-a1ff-8358657dcbbc,Cadillac,DeVille,2002,10,2020-03-10T21:38:20Z,8:36
428f2f14-434f-4e55-a891-6dc13e2bbf2f,Ford,Club Wagon,1996,17,2020-03-12T18:37:04Z,20:23
5f1b3041-e274-4411-9232-e104ed09cff8,Acura,MDX,2004,7,2020-03-10T15:22:03Z,14:55
8da378aa-2cec-4efe-9c1d-eddd127f932b,Ford,Probe,1990,10,2020-03-08T06:19:57Z,11:02
00abf53a-5c04-4172-ba09-a20dc03ca550,Mercedes-Benz,E-Class,2008,16,2020-03-08T18:55:43Z,14:15
7401a2a5-9c14-4bcf-b346-6522d496afea,Audi,Allroad,2005,12,2020-03-11T08:14:48Z,9:13
4f1a84b4-1951-44b8-8437-a76189b5dc0d,Volvo,V40,2004,9,2020-03-12T21:04:40Z,9:20
d0d2f6c6-6e37-4b62-bc46-fd65a12f09c9,Volkswagen,Routan,2009,6,2020-03-11T06:36:11Z,10:19
6addced7-a852-407e-91fa-b72b36951925,GMC,Savana 3500,2003,1,2020-03-13T14:39:42Z,6:07
67309943-33a7-44d9-b0fc-0272d818729e,Toyota,Sienna,2000,4,2020-03-08T11:47:11Z,14:02
9ab1ed51-3685-49ba-90d3-9a3055134ffc,GMC,Sonoma,1998,1,2020-03-10T09:17:29Z,8:19
ed149815-e499-4ba6-b0a4-9f5478d58d45,Isuzu,i-Series,2007,7,2020-03-08T10:16:55Z,19:44
3ca28c5e-a000-401e-94f7-2da9622bd265,Pontiac,Trans Sport,1997,12,2020-03-13T03:40:28Z,1:29
377dfd6e-dc40-452b-b4c2-fd9a3647594a,Dodge,Ram 2500,2000,11,2020-03-10T06:32:12Z,9:48
2ff30e93-fe94-4c7c-a739-b6ee15da9418,Hyundai,Sonata,2007,12,2020-03-12T04:01:49Z,17:05
d1499c72-f0eb-45cc-b1ec-afe120ca0b0a,Oldsmobile,Aurora,1999,7,2020-03-09T10:34:57Z,15:31
1fbb435c-f4b7-49a7-863c-159fb2720aaf,Eagle,Vision,1994,18,2020-03-10T18:12:53Z,16:51
9776378e-e825-46a8-9143-c8f9f2268453,Buick,Century,1986,14,2020-03-09T03:07:22Z,20:04
8af3e73c-03b6-42e7-ac8d-a6858dc00c70,Mercedes-Benz,M-Class,2006,12,2020-03-09T06:31:12Z,13:36
58af7d66-7533-4074-86d4-7b4c44bfaade,Honda,Passport,1994,2,2020-03-13T06:25:41Z,20:30
d6da9506-3dae-4952-9408-7df9316210c8,GMC,Yukon XL 1500,2003,16,2020-03-09T00:15:13Z,17:29
103782a3-53fe-42b2-868f-e5f7c075a073,Acura,Integra,1995,15,2020-03-12T16:56:32Z,14:21
92c5e48c-71b6-4811-ad4c-7cbeaa18728f,Suzuki,Vitara,2000,15,2020-03-12T02:09:31Z,19:30
b01f2cce-d9a3-40fe-9081-99db6e726f46,Mercedes-Benz,S-Class,2011,12,2020-03-10T02:16:52Z,8:45
3c67273b-80ce-4da6-9219-654e9147cb08,Hyundai,Excel,1992,2,2020-03-13T02:27:22Z,23:51
a6f8762c-7f56-4081-b825-8c6421ebdcb8,Mazda,MX-5,1992,14,2020-03-12T22:34:19Z,15:06
71f27058-090a-41cf-a102-671d32fa5258,Audi,A6,1999,3,2020-03-12T09:16:49Z,21:14
7ccb74fc-4a13-450c-942f-33c188d5115f,Subaru,Alcyone SVX,1996,1,2020-03-13T05:44:31Z,5:32
b08cfff0-4ef0-4a85-991b-eb0326da0e75,Jaguar,XF,2010,18,2020-03-12T13:14:03Z,9:59
b82b033a-c4bc-44f9-b65d-aa5bc5af7189,Toyota,4Runner,2009,4,2020-03-08T18:30:04Z,2:18
185a7743-235b-4fad-b49a-a699f4f2598c,Dodge,Grand Caravan,1998,18,2020-03-13T21:06:54Z,2:04
381f2751-327e-4ad2-ab7c-33dac53c1948,MINI,Clubman,2011,13,2020-03-13T13:30:00Z,0:11
70a57434-023a-4bb2-904e-03789d8ef197,Buick,Skyhawk,1986,15,2020-03-09T23:42:31Z,10:37
cb7ad55a-a195-41e2-91b1-fd4c591d0266,Jeep,Grand Cherokee,2010,13,2020-03-11T22:53:07Z,17:09
bea69b78-393c-48e4-9ef8-c3444326e889,Chevrolet,Express,2008,17,2020-03-08T16:24:52Z,14:06
46d122ec-1a82-4080-b65f-2e563c407c12,Volkswagen,Golf,1998,1,2020-03-12T21:26:17Z,5:04
a4ace153-1f65-46e9-904b-1e422ec7d7d1,Nissan,Quest,1999,1,2020-03-08T00:37:35Z,13:42
7d1ccb9a-a089-46e8-a912-66d222a29983,Mercury,Cougar,1992,2,2020-03-12T23:41:10Z,2:50
546c53ac-0e69-46e0-b8e3-24665cf9813c,Jeep,Wrangler,1995,17,2020-03-12T02:29:53Z,10:27
0c3a8662-ad44-4594-8d7f-fae3a0dbffc7,Maybach,Landaulet,2011,18,2020-03-08T01:49:39Z,22:41
fb466ef2-c362-4c17-9d11-12384cc68b23,Toyota,Tacoma,2000,10,2020-03-11T03:23:05Z,5:26
91da0c69-eef9-4c82-bd5f-d6b603cb6079,Mazda,Protege,2000,5,2020-03-10T13:12:07Z,23:16
8d2c66a6-fae6-4469-9de9-0bf77046eace,Mitsubishi,Expo LRV,1996,15,2020-03-09T15:41:41Z,11:25
59acaf55-142f-49d0-8f47-4c1c80308125,Honda,Civic Si,2006,19,2020-03-10T10:46:09Z,13:36
584eb9b0-c3e9-48d8-b9b0-6078cf32a450,Maybach,62,2012,8,2020-03-11T15:04:12Z,8:03
5013e19d-7b33-4413-aac7-8c1276b4e62b,Ford,Taurus,1987,6,2020-03-11T09:19:32Z,19:47
7eddb43a-565b-4489-af6a-5b53701e47e8,Audi,S4,2012,12,2020-03-10T05:24:57Z,12:00
80ba1584-f53d-4330-815b-b803a06f90bb,Jeep,Comanche,1992,1,2020-03-09T19:37:59Z,8:05
2a89d4c3-ff98-4ea7-8b00-52f00e26cb1f,Volkswagen,Scirocco,1984,15,2020-03-12T18:09:38Z,0:45
47586d57-e595-455d-93b1-970e27d65a44,Plymouth,Breeze,2000,12,2020-03-11T08:13:42Z,23:14
ab717a33-c5f4-4a7a-bf7c-d5e0ca27d3a7,Ford,Explorer,1993,14,2020-03-10T10:00:11Z,13:27
b913826f-2b9e-454f-aab3-0065c584484f,Acura,TL,1998,18,2020-03-13T07:20:08Z,9:11
ce5b0ca6-ecf6-49d9-9902-cc9efa04d41c,Chevrolet,Sportvan G20,1992,15,2020-03-08T09:39:28Z,10:38
bfb1648d-90b8-4678-b5c1-899531dc57f0,Buick,Park Avenue,2003,9,2020-03-09T14:05:22Z,9:22
5c6e732c-a954-4b57-9791-350ccfd7f943,Lincoln,LS,2002,3,2020-03-08T00:42:46Z,8:26
5b40056c-3139-42b0-ab54-ce70225253a8,Mitsubishi,Challenger,1998,8,2020-03-10T13:49:09Z,14:28
e4809dbb-9a3e-42c0-bafc-3d3d744d5dc1,Lexus,SC,2003,5,2020-03-08T04:14:58Z,13:12
7ad01c23-8672-4f1a-9034-839073c65e27,Toyota,Sequoia,2011,11,2020-03-12T08:24:33Z,17:58
91aa94de-276c-41d9-aa76-f0c1b1047697,Dodge,Ram 1500,1998,7,2020-03-12T21:18:52Z,17:58
d666afc8-c519-413b-8312-2b10b7d5cc2f,Buick,Skylark,1988,19,2020-03-11T00:39:48Z,15:36
b349027d-926f-4f25-b452-4c5f9c2b54a4,Toyota,Solara,2002,6,2020-03-09T21:17:36Z,10:54
df0a6a6b-b874-4a06-a50c-aa465d679efb,Nissan,200SX,1995,6,2020-03-11T08:56:42Z,20:36
2d17d23a-7a12-4870-bfec-86535ba95e91,Infiniti,Q,2004,6,2020-03-09T11:49:15Z,2:42
ca0dd623-a3fd-49ec-9e75-68937989bdce,Mitsubishi,Galant,1999,12,2020-03-11T06:49:01Z,15:29
5e91e5d2-fcf9-4668-a3b2-f165fdd6fa22,Kia,Amanti,2005,13,2020-03-08T12:20:25Z,10:05
a1685327-7fa0-48c4-ad76-c338707f13f7,Mitsubishi,Lancer Evolution,2004,1,2020-03-13T05:23:03Z,21:50
2f43f20e-a980-48f7-979b-a9bd6a944a4b,Pontiac,6000,1985,7,2020-03-11T18:28:27Z,23:44
52f43142-33f9-4726-84d3-2f2a0e29321c,Ford,E150,2003,9,2020-03-08T16:05:39Z,6:15
ca40f582-6469-4626-b4cd-307163763cbf,Nissan,Armada,2011,9,2020-03-12T02:08:31Z,7:56
b61ce7a2-1392-4569-8c36-b6585358097e,Chevrolet,Impala,2006,3,2020-03-10T01:31:21Z,3:07
be63ab82-02db-4d03-9855-18c233795cd6,Audi,A4,1998,14,2020-03-08T06:04:49Z,16:40
b3b41bb8-f647-47c2-a8bc-0e79fbb7b550,BMW,3 Series,2010,10,2020-03-13T09:00:22Z,21:42
31cf5916-e4c1-4d9e-8a08-24b2e7d5d2da,Ford,LTD,1986,11,2020-03-08T21:19:38Z,1:10
af1679a0-c99d-44d0-97c1-754819575a1e,Mercedes-Benz,CL-Class,2003,7,2020-03-13T12:59:52Z,9:02
bd96fac4-607f-4874-bcec-49465efa338d,Pontiac,Safari,1987,15,2020-03-11T04:57:34Z,3:12
53b4b4f5-25ad-4550-911e-63b740125c67,Toyota,Land Cruiser,2007,11,2020-03-12T17:09:13Z,21:42
c277fdb7-78c9-4bed-a8df-b388663ec98d,Chevrolet,Volt,2011,13,2020-03-09T18:28:54Z,5:05
cfa84fb1-af49-4fd2-8a6e-d465bd167c53,Ford,Econoline E350,2000,17,2020-03-09T05:16:50Z,9:57
83c3985c-2c67-4875-8154-4a7c659dde67,Oldsmobile,88,1992,3,2020-03-11T11:04:53Z,23:50
8241e758-e204-4381-be75-0a5d00ce7792,Mazda,Mazda3,2012,11,2020-03-11T20:22:38Z,11:19
d06bdb2d-3792-473e-b541-8d482ed605c2,Honda,CR-V,2006,3,2020-03-13T10:04:19Z,8:14
cdca0564-981e-43e4-9371-a42d55f362de,Mazda,929,1992,17,2020-03-11T10:07:57Z,1:42
b52d38f5-15ca-45f7-a62e-683c9d802f07,Mazda,626,1990,6,2020-03-09T16:31:26Z,10:22
d9d07642-51de-43cc-92fe-d95d464b6c7e,Mercury,Villager,2002,14,2020-03-11T14:38:03Z,7:47
3a3fc523-ae40-4a54-94d5-a4812b3a104f,Ford,Freestar,2003,9,2020-03-13T16:07:53Z,4:30
c358860b-cc9c-4bbd-ac9a-ebfec6bc6fce,Audi,Q5,2010,11,2020-03-12T07:27:51Z,21:24
6043d18a-eb60-48ef-9bb0-c94333208e18,Lotus,Exige,2009,1,2020-03-10T16:21:26Z,21:01
35f65158-3eb8-416a-81e5-763e006be377,Subaru,Loyale,1992,4,2020-03-10T12:30:04Z,21:40
5f48b282-0aeb-4014-815f-435bcb3cfd48,Geo,Tracker,1993,4,2020-03-12T22:57:09Z,17:10
88a9906a-1993-48c4-a45d-659765c40505,Ford,Tempo,1987,17,2020-03-13T17:26:24Z,3:17
5206a1cb-7c88-4108-8f28-9987a77e1d97,Ford,E-Series,1986,2,2020-03-12T08:35:30Z,21:54
da684e90-80b7-44a3-96ec-2f90e34eb1af,Ford,Aspire,1994,3,2020-03-09T21:51:00Z,5:46
9d7b9c0c-569c-4ba8-82cc-eeac2f5459de,Bentley,Arnage,2005,3,2020-03-10T21:47:04Z,20:46
6f01555e-40b3-444c-b75f-ccb064fd6d4f,Citron,CX,1989,11,2020-03-10T04:42:59Z,10:40
d38fed69-4b50-4ee5-8f75-e15f28d2f11f,Ford,Escort,1999,16,2020-03-09T08:59:07Z,10:29
37fbeac9-07bc-4819-9744-b34336d37dd1,Chevrolet,Impala,1994,4,2020-03-10T07:39:54Z,0:23
fbee03a8-2a18-4f9f-93cf-15db91d7f772,Oldsmobile,98,1994,18,2020-03-10T07:28:47Z,19:58
0d9a2016-f7ff-4d22-b996-95e91e70b312,Geo,Metro,1994,20,2020-03-12T07:41:58Z,11:25
a5c124ea-af4d-426b-9d6e-9f3f5c21fd01,Ford,E-Series,2012,1,2020-03-11T22:22:28Z,19:13
141466dc-8ba5-4f15-8537-0208ff88ec3d,Lexus,SC,2009,3,2020-03-12T11:31:33Z,6:39
3b0e273c-18b9-4b31-a37f-a7fa3b01835b,Aston Martin,DB9 Volante,2006,11,2020-03-10T16:24:40Z,22:16
977e6680-3704-4555-a04b-1572560d1911,Dodge,Ram 1500,1995,2,2020-03-13T03:48:14Z,11:14
d7a1828f-5aa8-4568-947a-b329e691e1f1,Acura,Legend,1989,12,2020-03-09T06:16:54Z,17:49
423336eb-caf4-4c7d-a389-bf41111161ec,Chevrolet,Silverado 1500,2004,16,2020-03-12T18:10:21Z,4:29
049bf884-0b65-4502-9db7-98212252f545,Acura,Integra,1996,5,2020-03-08T02:02:09Z,20:50
eb6c1fcd-8003-4ea3-819e-5077af35c208,Kia,Sorento,2005,8,2020-03-09T08:27:53Z,12:28
3794e892-631f-4d9e-a634-0e741a20c7ca,Mitsubishi,Eclipse,2011,8,2020-03-11T14:23:55Z,1:28
aa89816d-fa41-416d-af0d-76d96d308733,Ford,Explorer Sport Trac,2008,16,2020-03-10T01:35:09Z,10:08
dcf2ac55-2d44-4965-87af-3a84d414c5e0,Lotus,Esprit,1986,1,2020-03-13T03:46:47Z,8:51
d964750e-6626-4897-a888-09771bb9740a,Lincoln,Navigator,2011,15,2020-03-13T20:44:12Z,0:11
82a54954-ddfa-412b-8522-4ead43e1d082,Lexus,LX,1998,3,2020-03-10T18:26:22Z,1:30
0690bdbf-c4b5-4a7e-8c4a-16b7ff4a89cb,Honda,Accord,2002,14,2020-03-13T05:43:45Z,21:56
b5d04ecc-3cca-4197-b94f-157f1ad7c593,Mitsubishi,Galant,1991,15,2020-03-10T01:19:44Z,13:22
0c618dfe-0939-4e92-87fa-88555efc0d3f,Volkswagen,Golf,2012,3,2020-03-09T03:52:49Z,6:48
3575f8b7-19b1-47da-9001-b62e89ed81ce,Ram,1500,2011,12,2020-03-09T18:39:01Z,2:07
6c44e77c-7e95-4ed8-9679-a700e9a1b2e5,Toyota,T100,1994,15,2020-03-09T10:03:44Z,9:47
5d926eca-535b-4744-b57e-446d60ed8c97,Ford,Fairlane,1966,15,2020-03-08T17:44:57Z,10:03
3bcedd68-2d6c-482e-a5d6-0ac7ab44ecb4,Mazda,B-Series,1998,6,2020-03-08T03:34:16Z,10:40
554a9fdb-68a9-4b46-980a-774e9ee72a4c,Lexus,ES,2010,5,2020-03-10T15:02:34Z,12:53
886235c4-1deb-42ee-8880-5101106dc24a,Lexus,ES,1989,1,2020-03-09T21:37:12Z,7:36
f47f764c-241f-45e3-aa27-535c04826112,Nissan,Maxima,1994,1,2020-03-10T22:45:28Z,21:24
36c192fc-e47e-4bc1-97ec-e936c2800ab4,Dodge,Ram Van 2500,2000,13,2020-03-11T15:17:48Z,7:39
485ab0df-bbb0-487a-b988-99fd3d168947,GMC,Rally Wagon 3500,1993,1,2020-03-11T00:38:07Z,9:43
33432fc7-1660-46f5-8816-c348cbda3d1c,Subaru,Baja,2003,13,2020-03-10T20:39:38Z,23:45
bb9ed00e-c6ed-409a-93c5-f36107dd9d72,Jeep,Compass,2011,11,2020-03-11T13:23:58Z,4:09
08398e19-5492-4f38-b885-494b6b957262,Kia,Sephia,1999,13,2020-03-10T21:53:18Z,4:26
4b1e8963-77df-417d-9d10-d1669d0475ff,Audi,TT,2010,10,2020-03-13T17:44:18Z,17:58
292119b0-8236-4b07-af58-2be789358ae3,Land Rover,Freelander,2004,4,2020-03-09T02:02:25Z,1:35
38b4cb44-a7ae-46ea-a98d-4f839f4de29b,BMW,X5,2002,12,2020-03-10T06:07:21Z,8:29
74b453b2-125f-4066-ab71-ed5be2d9394d,Toyota,Prius Plug-in,2012,11,2020-03-12T06:31:02Z,11:02
f7e0a1c8-dcd2-48a1-bcbc-399e0a1c5919,Mazda,Mazda6,2006,6,2020-03-13T18:43:21Z,2:39
84f1fddc-12be-4090-b160-b57fb39dd3e4,Pontiac,Vibe,2009,2,2020-03-08T07:32:37Z,1:27
9a6fb1c2-7614-48f5-b1e3-bc57f9971902,Ford,Freestar,2007,14,2020-03-10T18:03:42Z,5:27
dedff8d5-a792-4f50-8663-b7def69af2a6,Volvo,S60,2010,17,2020-03-12T04:23:16Z,5:17
be74dfa9-d1ad-4ff7-afe7-df640ed228f6,Lexus,GS,2002,15,2020-03-08T04:27:53Z,10:04
6f82e2d8-1014-4876-bfac-3d07617aef60,Isuzu,Trooper,1993,18,2020-03-12T12:16:00Z,16:44
d38c4d8b-a57f-4e49-8e54-513f7d110337,Mazda,929,1987,7,2020-03-11T19:12:14Z,5:57
b4ee7928-d2f4-4221-b898-99cc44ae6afe,Toyota,Celica,1996,19,2020-03-12T20:03:26Z,16:06
eb294d81-22cc-4ace-9da2-b9224e7c27f9,Infiniti,G37,2008,4,2020-03-13T00:43:46Z,9:35
53d9e729-7183-400a-b9b5-64d6908c5e01,Nissan,Altima,2009,11,2020-03-09T16:02:24Z,13:50
97feed91-5698-43f9-abac-9c07bdafd2fb,Honda,Accord,1997,19,2020-03-11T15:05:23Z,0:34
1261218e-2b18-469e-bf31-e1c4f3d85f94,Infiniti,QX,2012,9,2020-03-12T13:55:08Z,6:33
01fe82b6-597a-48a3-9961-ea6f6642e5d3,BMW,X6,2013,15,2020-03-13T05:03:17Z,4:06
52ef43b4-4409-44da-99a2-6a74b2a015aa,Mazda,MX-5,1992,20,2020-03-09T20:53:51Z,6:20
dd99f528-e5b1-43ea-81d8-5cba386291c7,Honda,Insight,2000,9,2020-03-10T01:05:07Z,17:56
06b6d0f9-77c9-4840-a238-4cfa37bdf63a,Suzuki,Swift,1998,2,2020-03-11T16:09:51Z,7:46
f0ba20df-1daf-48ba-baf7-0f055a1cc8cd,GMC,Savana 2500,2000,17,2020-03-10T20:34:04Z,22:45
1f355707-b532-4a88-8167-ecfd9a70577b,Ford,Mustang,2013,1,2020-03-11T03:27:33Z,15:36
37b6363e-536e-41c5-913c-8ca85849cdb4,Volkswagen,Eurovan,1992,3,2020-03-11T16:19:43Z,5:58
9b531006-a3b2-4004-a865-287f40e4759a,Infiniti,G,2009,8,2020-03-10T02:49:33Z,9:35
8fb5bb96-c357-46a3-a4a0-78483fff9114,GMC,Terrain,2012,6,2020-03-12T10:24:55Z,12:28
0dcc7190-5314-4658-9dae-65c76d468a44,Audi,A8,2007,6,2020-03-11T10:39:01Z,13:37
0ab349e5-938a-4ffe-86a3-4a6270a04ed7,Audi,A6,2007,7,2020-03-11T04:38:55Z,18:15
9b711715-cc3c-4cb1-83b9-6c73842a03ba,Maserati,Quattroporte,2008,11,2020-03-09T02:09:22Z,9:02
9abcf31c-21b8-4589-bd91-8e19edc18095,Ford,F250,2000,6,2020-03-10T16:12:47Z,6:01
fc1ee839-50db-49fd-9d14-ef874f91564b,Pontiac,Grand Prix,1979,6,2020-03-09T11:34:59Z,14:01
cc596d96-9902-40e8-9e7b-743d9248ca8d,Kia,Optima,2005,3,2020-03-12T10:29:14Z,12:31
695828e8-cbb9-4bb7-a5ce-e652c4d52dbc,Mercedes-Benz,SLK-Class,2001,19,2020-03-08T02:08:41Z,4:30
7ff25eda-9503-4762-a29b-3623dabaa40b,Hyundai,Veracruz,2012,11,2020-03-13T22:40:20Z,0:08
435ef99c-bfd2-4966-b225-d27bb820f950,Lincoln,Continental Mark VII,1985,20,2020-03-08T16:24:37Z,1:03
618975f7-8491-4818-aaee-31dc75532b64,BMW,645,2004,2,2020-03-10T21:35:01Z,23:08
b97e0795-b69a-4371-857b-728e13b2b238,Ford,Mustang,2012,6,2020-03-12T07:22:13Z,3:26
fb7978e7-e798-4fe0-8cca-96028679008c,BMW,325,2006,5,2020-03-10T12:54:27Z,20:54
3a12d5bf-5872-4e52-b992-cece40eeea01,Audi,S8,2003,20,2020-03-08T00:43:19Z,11:31
7283bdbc-0eb5-4a7c-8e72-530b401dccc4,Oldsmobile,Aurora,2003,20,2020-03-10T14:11:35Z,19:07
ef3346b7-f9ab-4895-be89-2de010e93d05,Acura,NSX,1992,2,2020-03-09T09:45:38Z,13:26
4a3c239a-59c8-4bb7-9eec-207730be0007,Chevrolet,Impala,1994,18,2020-03-11T00:28:28Z,13:55
a3c257d9-e14f-43e4-92d7-ffe77b2b7118,Mazda,MX-3,1995,4,2020-03-12T09:35:04Z,14:50
2414ea06-8dfc-4d97-bbd5-c4d1d237bdb7,Cadillac,DeVille,2003,1,2020-03-12T07:31:36Z,17:31
6c81c41a-1e12-4855-bbe8-6b03741bbd04,Cadillac,STS-V,2008,18,2020-03-10T05:30:17Z,1:19
a61d72ce-bc76-41dd-aae3-a0cdc4c8f517,Toyota,Camry,2012,14,2020-03-13T23:39:53Z,7:13
37ac787f-d4f8-484b-a99a-f905a027906a,Mercedes-Benz,CLK-Class,1998,1,2020-03-09T19:01:03Z,1:27
fbd5e3ee-7f3c-4f19-9f67-e4084cd5e6e4,Subaru,Forester,2004,8,2020-03-09T15:42:20Z,9:10
08406f97-7991-4b30-a9eb-9ccf053025c2,Land Rover,LR3,2007,9,2020-03-08T23:04:16Z,7:26
efab54bf-ae4f-4c3e-8e9a-42fa59a7d10a,Land Rover,Defender,1995,15,2020-03-09T07:06:19Z,16:56
9adf3865-f835-4efa-817a-776bb5611967,Pontiac,Sunbird,1994,18,2020-03-13T08:21:00Z,3:45
567b377d-023f-4501-98a6-177a20b206b7,Saturn,S-Series,1997,9,2020-03-10T15:26:13Z,14:33
1ff4f5b7-7c35-4595-b7bd-ab9a2b9b3e3a,Ford,E250,2009,9,2020-03-09T22:45:35Z,5:11
604d6381-5ecf-4083-a434-dee4b450c090,GMC,Safari,1993,1,2020-03-09T08:17:45Z,22:21
931f46fc-89a6-4bf3-ae15-ee716a53887c,Mercury,Cougar,1970,15,2020-03-12T05:45:03Z,11:04
499d8264-792c-4172-967c-4386155d4e72,Mercedes-Benz,G-Class,2008,6,2020-03-12T12:03:01Z,7:09
49a2deed-f3da-4956-af99-082814af26bf,Eagle,Talon,1993,1,2020-03-08T22:16:54Z,4:06
6e94b70a-4792-4544-a3b4-eafd1a334dd0,Toyota,Xtra,1994,1,2020-03-09T15:03:50Z,20:40
84e52571-d911-42e3-b805-9ab70f075c51,Hyundai,Elantra,1995,6,2020-03-10T12:46:41Z,9:48
983868ce-a7a2-48b8-8e71-7de516461083,GMC,2500,1993,10,2020-03-09T13:51:39Z,4:45
12669527-d029-4aca-afe5-ae14694f8eb4,GMC,Yukon XL 1500,2012,16,2020-03-10T12:37:46Z,2:52
f649ed2b-0058-4cfa-a375-287efe7504d2,Nissan,Maxima,2007,13,2020-03-11T14:50:02Z,2:42
39105b26-37a5-45fd-80de-300ccd93d5b5,Ford,F-Series,2004,10,2020-03-10T07:54:22Z,5:33
84818d88-4b86-4b4a-9031-493395f331ff,Saab,9000,1993,14,2020-03-12T05:19:30Z,4:49
48f42749-1c7f-4bda-8010-4c7a26e6d861,Maybach,57S,2005,1,2020-03-09T22:52:19Z,19:12
5e0ab134-24a6-4141-a224-0f0f7e01b89f,Nissan,Pathfinder,2011,5,2020-03-10T13:56:48Z,5:01
ed1e4506-5068-44cc-adfb-48b230701ddd,Chevrolet,Suburban 1500,1994,19,2020-03-09T07:22:59Z,8:37
a04343c6-45c8-470c-9420-bf967ffe00d7,GMC,1500,1993,8,2020-03-12T23:38:16Z,3:24
df0a94d0-7bff-4fb3-945a-14d53e4dd76a,Mitsubishi,Galant,1995,6,2020-03-09T06:43:57Z,7:38
a2bbee65-ac45-42fb-b4b0-08e86e987616,Ford,F-Series,1986,17,2020-03-11T23:41:46Z,19:56
12c294c9-7b73-483a-b1b9-6adc20dff9e4,Nissan,Maxima,1992,5,2020-03-09T16:55:42Z,7:04
c60e69c1-b84f-4a8d-8860-ba46f5d7dbd8,Hummer,H2,2006,17,2020-03-11T17:12:32Z,20:00
d552b83c-b993-4964-8b0b-3aec8034137a,Nissan,Altima,1997,16,2020-03-10T15:33:47Z,18:00
2c077b27-c437-48f0-8ee1-84db297fa0ba,Kia,Sedona,2003,14,2020-03-12T07:32:57Z,19:50
8ab5d5d8-448b-4e93-9797-460094ef4abe,Mazda,Mazda6,2005,3,2020-03-11T09:32:00Z,6:54
c0ccf4f4-f322-4a23-8018-4930698917a0,Buick,Rainier,2006,4,2020-03-12T02:33:59Z,23:50
e6133bb4-1ef2-4769-abb7-09a2f7cac77c,Honda,Prelude,1999,5,2020-03-12T05:32:41Z,11:25
d7e39bfc-75b2-49c5-b5ce-1768ff54e07c,Maybach,62,2008,14,2020-03-13T00:34:15Z,8:37
b9e69e2d-50ed-4a23-b89d-c0db061dc299,GMC,Sonoma,1997,5,2020-03-10T18:16:49Z,11:36
f43158f9-4eef-441c-aaa6-cac8cb15c8e0,Toyota,4Runner,1995,3,2020-03-09T21:32:08Z,22:37
db1713e5-f316-4af3-b13b-309a2c392c7d,Maybach,62,2008,6,2020-03-12T20:56:12Z,0:09
2e2c9ced-ced7-47df-86de-758183c0d9e3,Mitsubishi,Mirage,1984,18,2020-03-09T18:59:34Z,12:34
775fdc9e-aa6b-4968-bdca-76128da0f93f,Porsche,944,1985,4,2020-03-09T16:36:49Z,8:24
df004023-4272-4568-9eab-ffc9d48d9faa,GMC,Rally Wagon 3500,1992,10,2020-03-10T19:06:20Z,19:14
717a37de-444e-44b3-ba88-e111111ae826,Toyota,Solara,2001,6,2020-03-10T17:21:38Z,20:48
db5d2166-3b6f-41af-8f89-a9cab0ce9d51,GMC,Envoy XUV,2004,2,2020-03-10T22:18:06Z,9:00
98defb92-6325-4828-a07e-24f67d2f7f55,Mitsubishi,Eclipse,1990,2,2020-03-09T08:03:06Z,1:20
f76075fe-9e4a-4fce-b7ae-687999a1a86e,Infiniti,G,1999,6,2020-03-08T06:51:14Z,20:33
2b6da965-2f28-4dcc-be48-ecccfd173967,Suzuki,Vitara,2004,18,2020-03-13T04:30:01Z,12:53
affeb1d3-ca8e-40e8-b983-7dc4bcef024d,GMC,Sierra 1500,2010,11,2020-03-09T14:08:52Z,6:49
31ffd654-4fe0-407d-a3e7-113464ebf0d3,Mazda,323,1995,4,2020-03-13T19:20:00Z,17:54
1d0b3200-8dcf-469b-97b6-bf2b9befa4df,Honda,Civic,2003,3,2020-03-11T18:55:30Z,18:52
8000928b-b16e-48ec-8b79-93bb31065c3c,Mazda,929,1993,18,2020-03-08T05:11:13Z,3:37
52fabe5a-0117-475b-9087-11b76b24ac91,Dodge,Omni,1978,12,2020-03-12T00:20:20Z,21:06
20ba26b4-7290-4a68-8648-514e74c76137,Hyundai,Tucson,2010,20,2020-03-11T10:00:59Z,3:41
ec054c18-ca59-4439-82c0-a77a45c98c01,Ford,Ranger,1999,8,2020-03-12T23:00:27Z,17:19
823378b2-dff8-4274-ab9b-aab67d13d2a2,Chevrolet,Venture,2004,11,2020-03-12T09:40:20Z,16:04
b9bff373-41ab-4242-ad66-9c7b2891063c,Land Rover,Defender Ice Edition,2010,12,2020-03-11T13:58:39Z,7:29
a91e1ae3-2c2d-43c5-a296-5cf08a403fec,Mercury,Capri,1993,4,2020-03-08T07:37:57Z,14:04
4fb729be-8bbc-4589-96e6-d2515f824884,GMC,Canyon,2005,9,2020-03-11T20:54:24Z,5:04
2503b331-8bac-4d95-a222-8fef18dcdc2a,Oldsmobile,Silhouette,2002,13,2020-03-13T18:10:07Z,14:16
122606c8-f2a7-451d-bb11-cc06ef676853,Mercedes-Benz,G-Class,2007,17,2020-03-08T13:37:40Z,6:47
ed2afada-9d5e-4b21-a5e5-54e6602ff6b9,Kia,Amanti,2006,3,2020-03-08T11:29:46Z,10:38
a622a27f-edd0-4530-a5ff-84d10c39f9f4,Chevrolet,Lumina,1997,3,2020-03-13T06:57:37Z,1:45
2ff491a4-de98-42e7-adad-2f7dc58a16e3,Land Rover,Range Rover,1990,10,2020-03-11T02:36:11Z,16:40
a93a63f6-9783-4eb8-bc88-72af2e32ba8f,Mercury,Cougar,1994,2,2020-03-12T04:49:09Z,4:23
dd212b72-a79d-478a-90d2-2a1dd5855ff0,Ford,Escape,2005,16,2020-03-13T22:25:13Z,13:02
b21108b3-e62a-4ad8-bc3c-aad62ae279e0,GMC,Jimmy,1995,8,2020-03-10T03:29:07Z,22:08
cdbd7956-b818-4185-8e1a-b1a77aeb959d,Mitsubishi,Raider,2008,8,2020-03-08T06:57:26Z,10:58
613bdcb7-b8b2-42e7-a305-9dd7ccf87649,Audi,A4,2005,11,2020-03-12T09:13:11Z,10:29
d300e60f-8734-4805-ba1b-92ebe1a8f63e,Buick,LeSabre,1985,11,2020-03-13T12:55:38Z,0:47
b9829789-78ae-4f27-a4ae-c020bc8653b8,Chrysler,Crossfire Roadster,2006,8,2020-03-13T09:09:35Z,8:09
b4882087-dbc4-48c6-b8f3-834cb184c793,Suzuki,Sidekick,1990,12,2020-03-12T20:33:32Z,10:35
01ce88f4-8d02-46bd-9801-0ce5dc073e44,Porsche,911,1996,14,2020-03-08T17:08:01Z,12:52
7144eb47-f14a-4852-b787-3edaa1e58efe,Dodge,Intrepid,1994,5,2020-03-11T18:32:28Z,11:42
7d053902-ef94-4be2-bf81-222ead3e6eb3,Toyota,Corolla,2003,2,2020-03-09T12:44:29Z,11:37
c77eeb58-0d76-4003-b4e8-b70699cdc1c6,Mazda,RX-7,1988,20,2020-03-08T03:19:18Z,10:23
6211acdf-a83b-4bd8-909e-967da566f312,Mercedes-Benz,R-Class,2008,4,2020-03-12T20:04:02Z,23:21
840d28e7-dde2-4146-8127-5a9f1ff09803,Suzuki,Samurai,1994,10,2020-03-13T12:38:34Z,15:34
e9bff88e-d04e-4600-b5b0-7680c356b391,Honda,Odyssey,1998,11,2020-03-08T07:29:27Z,18:07
6ac32b0b-6dac-4ec3-a87c-a9151f4a094f,Nissan,Pathfinder,2009,16,2020-03-09T18:46:39Z,20:09
c156d6a0-1d6c-4d4d-b58d-e007244c3814,Oldsmobile,Silhouette,2004,3,2020-03-10T13:08:54Z,21:55
bc13bb6a-3a79-4ae1-abd3-c7abe0d4a5da,Volkswagen,GTI,1995,5,2020-03-09T23:10:06Z,11:45
08491cce-380d-42db-b586-2e916a1798d5,Subaru,SVX,1997,12,2020-03-09T00:40:14Z,12:51
e0d6ce11-331f-4185-99f3-dc70445989e9,Volvo,V50,2005,8,2020-03-08T14:12:42Z,1:40
19f7dfd2-bf69-4728-a252-825cce608d9f,Acura,Legend,1990,17,2020-03-13T06:20:32Z,13:57
8f5c33f6-481f-4ce0-b9a8-bde5a788c196,Ford,E150,1984,11,2020-03-13T04:02:51Z,20:26
8b9aad9a-8154-4dde-abe7-d3b39601e9ee,Chrysler,Town & Country,1992,5,2020-03-11T09:10:09Z,5:23
dfd01155-b86a-4d01-af59-7e6edcdcfb4f,GMC,Sonoma,2000,6,2020-03-13T06:33:56Z,3:12
d6ecf6aa-607e-41dd-afb3-146b888a2014,Nissan,Versa,2012,12,2020-03-08T09:19:37Z,23:18
f7020414-7f1e-4b19-b2b3-ccb1f436a728,Pontiac,Grand Prix,1984,5,2020-03-10T01:10:20Z,20:01
05237d55-131c-4e24-9d6f-d60f6ffde9f0,Mitsubishi,Outlander,2011,15,2020-03-13T06:28:08Z,4:05
ab879b29-191f-4afb-8142-1a236f140f79,Lexus,LFA,2012,8,2020-03-13T17:48:23Z,3:57
436e5fc4-a7ae-4dab-8605-cd86deb312ac,Lexus,SC,2005,2,2020-03-13T16:09:36Z,4:05
8a55e7ec-9755-4ef3-8709-2ae14eff8e51,Chevrolet,Monza,1975,18,2020-03-11T02:41:44Z,12:07
309943c0-eb97-4fa9-a3a8-79b28ecdba37,Volkswagen,Touareg,2003,6,2020-03-13T15:38:03Z,15:36
8a20c533-be83-450d-b55d-44446b5436ce,Ford,Thunderbird,1994,5,2020-03-13T05:11:35Z,3:52
2235b82f-47e3-4a61-9337-a471230bd3d2,BMW,3 Series,2011,7,2020-03-09T04:30:35Z,18:03
b3cc6ea4-61ab-428c-b842-175446450e90,Toyota,Previa,1993,20,2020-03-13T08:56:27Z,22:55
3605231f-8adb-48e2-ad79-c87f2b4eccb6,Toyota,Corolla,2007,4,2020-03-11T13:52:09Z,23:12
3e29d407-97ec-4077-bfe4-5b81db39f742,GMC,Rally Wagon 2500,1992,10,2020-03-09T17:01:40Z,9:20
141f39a3-6572-43df-af69-59a5fde8988e,Lexus,HS,2011,7,2020-03-09T02:19:06Z,23:30
dd37e8a7-1b5f-49f2-901c-84192ca44970,Chevrolet,Equinox,2010,2,2020-03-08T12:48:26Z,17:04
c95d3aa7-8965-4c0f-8de0-16858e9098a9,Citron,CX,1989,1,2020-03-13T07:07:31Z,16:18
5a295343-736a-4f50-853e-8f92c93e39c0,Pontiac,Grand Prix,1972,1,2020-03-08T12:40:26Z,4:09
0f6078d8-93af-4df1-9025-92e05fed97bb,Acura,TL,2012,17,2020-03-13T13:41:33Z,17:08
117a8e02-6f15-420a-9fd3-2871c9822c15,Hummer,H3,2007,9,2020-03-13T23:03:17Z,1:23
54cbb44f-a428-4ce8-870c-f248ee2008e5,Volkswagen,rio,1997,15,2020-03-08T12:34:14Z,1:16
39f25219-d443-4fe1-b945-0e3ce05a7986,GMC,1500 Club Coupe,1996,2,2020-03-10T22:47:28Z,17:03
a09145ff-b175-4a4e-91fd-5814373503d7,Ford,Mustang,1995,11,2020-03-11T21:31:20Z,0:03
783692ec-8362-4272-80f5-7bf2611d54e1,Chrysler,Sebring,1998,9,2020-03-08T22:22:54Z,0:38
8fdc650a-d9d8-48d7-8028-4bd36593e476,Aston Martin,V12 Vantage,2011,17,2020-03-13T14:57:51Z,1:08
e4ebda89-5aea-4c77-9486-cbb3b4f48e6f,GMC,2500 Club Coupe,1998,7,2020-03-09T20:51:54Z,4:09
347e657a-ed0d-4344-9728-da0b097ea8a4,BMW,Z3,1996,10,2020-03-12T12:30:06Z,15:08
eb5632fe-b209-4966-aba3-28fce49b7272,Mitsubishi,Lancer,2001,2,2020-03-13T03:06:30Z,11:38
8b6b370d-31b6-4833-b1fd-9c9a6bd5d776,Chevrolet,Prizm,2000,15,2020-03-09T05:20:53Z,1:47
703fb0cf-c803-494a-9c5f-e32866101ad6,Kia,Sportage,2008,15,2020-03-11T01:48:07Z,16:15
d226e885-9476-4a19-90bc-8f5601e31be6,BMW,330,2006,2,2020-03-10T02:17:22Z,19:24
a2a5f7f9-9c55-4b8b-920f-091179725351,Audi,S4,1993,7,2020-03-11T05:27:22Z,19:20
ebefeb7f-b746-499a-87fd-32b29be4473e,GMC,Yukon,2010,17,2020-03-09T06:13:20Z,9:25
5fcb8ab7-5111-440e-b8ad-aacd2c2ec22b,Ford,Thunderbird,1985,14,2020-03-12T09:08:23Z,20:59
8d620584-4d25-4a22-be3c-69115ddd63d2,Porsche,Cayman,2012,11,2020-03-12T09:23:40Z,12:02
efb8b8a3-30c7-4213-b1c8-430b2f6dbc4d,Chevrolet,Express 1500,2007,3,2020-03-11T15:45:16Z,13:21
5f439795-7140-40d1-b158-d61bc3c32e39,Geo,Tracker,1994,1,2020-03-12T06:01:14Z,18:39
aa2f259e-1a37-4ba7-893b-ddda35415176,Hyundai,Tiburon,2005,18,2020-03-13T06:16:01Z,19:22
5d37e66c-e6f6-4b38-b1ee-e0ff8b33ebba,Chevrolet,Blazer,2003,14,2020-03-11T04:42:41Z,16:56
ea52daf3-a179-4f38-87a9-1a8bfd9bb071,Chevrolet,TrailBlazer,2007,5,2020-03-08T06:31:26Z,14:24
285cb462-a61f-4b97-bd68-996841f21640,Nissan,Cube,2010,13,2020-03-13T14:15:26Z,10:31
9df1717b-1a27-42f5-8872-3da4e17bdd41,Ford,LTD,1984,18,2020-03-09T03:28:51Z,6:51
920de6d4-573f-449c-b62c-802638bd7e08,BMW,5 Series,1992,13,2020-03-11T15:28:23Z,1:22
8c3677c7-26ae-4cc1-ad73-7991a8bc79d9,Ford,Bronco,1993,2,2020-03-11T00:04:32Z,7:52
b4a44396-0481-4fb5-bad2-c55dd2bf31e3,Chevrolet,Silverado,1999,1,2020-03-11T03:59:08Z,6:39
8be3d6dd-ae9e-48b7-8bb8-a4552481785e,BMW,Z8,2003,7,2020-03-13T04:25:44Z,19:37
2ed89fdf-49ec-45d3-b6e8-068ee2fe3246,Toyota,Yaris,2012,11,2020-03-10T18:45:57Z,4:17
dd12435c-55b9-43bd-9ba1-bd9ef8413a2d,Ford,Explorer Sport Trac,2003,1,2020-03-13T17:58:15Z,20:34
fbdf816b-1619-4766-b7b5-e2ddf4423868,Chevrolet,G-Series 2500,1997,14,2020-03-10T20:43:26Z,18:18
fe9fbe20-4202-4c99-b827-2467cc89bd9d,Saturn,L-Series,2001,19,2020-03-08T06:35:39Z,8:47
95e3a1bf-b5a4-483b-98b1-39587f02c1b7,Chrysler,LHS,1999,7,2020-03-13T04:43:05Z,18:45
8b9be1d7-d925-465f-a2f8-f19721764016,Ford,Escape,2012,8,2020-03-11T20:11:29Z,0:43
d92cc9e9-9a91-4e7a-aa1d-f59aef96f020,Chevrolet,Suburban 1500,2011,4,2020-03-08T14:44:42Z,6:42
6369deff-140b-4603-9644-1760507a2d49,Ford,Tempo,1994,5,2020-03-11T05:13:08Z,10:30
afefb63d-4327-47a5-8bd4-6efde1d7bc0c,Volkswagen,GTI,1996,4,2020-03-10T05:35:17Z,20:27
a6921912-53a0-4bcb-8ba8-74559c250275,Volvo,XC90,2004,20,2020-03-13T21:50:26Z,11:17
c245421c-26a2-4d45-85d1-4968d4cba8d8,Chevrolet,Aveo,2010,10,2020-03-13T13:40:45Z,18:15
aabde900-9457-4f39-b3fa-6b29005af614,Plymouth,Voyager,1996,14,2020-03-10T23:00:02Z,20:58
8552afcb-a602-476d-bccd-4c59c399dfa4,GMC,2500 Club Coupe,1998,16,2020-03-09T10:27:18Z,16:42
7d01b1a5-2784-48bd-b7d6-11c628cabce1,Mitsubishi,Chariot,1989,6,2020-03-11T16:59:46Z,6:47
cf05d403-8e36-4546-bfa3-d31374d9cb36,Dodge,Ram 3500,2010,20,2020-03-08T20:35:48Z,23:56
bd11f412-5e13-4b1d-b2f5-e292a0a41f0f,Cadillac,Allante,1992,7,2020-03-12T07:26:48Z,9:35
e6ac312b-a389-4e01-9565-046594578007,BMW,6 Series,2010,3,2020-03-13T10:00:57Z,21:33
9b219e51-2bd2-41ad-89cb-659f19c0360d,Honda,Odyssey,1995,17,2020-03-09T06:28:37Z,21:04
94776826-0d74-4a9e-b98b-c6a6b739497b,Ford,Mustang,1965,9,2020-03-09T16:57:54Z,17:24
00fe6bee-0fb3-4e67-af2f-662902359b5e,Toyota,Tacoma,2003,10,2020-03-11T12:15:55Z,15:58
4b252e50-092a-4a11-99b3-3022b9f897aa,Dodge,Ram 2500,2005,10,2020-03-09T18:13:14Z,17:31
75cb2ddd-407f-4a64-ad88-0b746d61fa7d,BMW,M3,1995,18,2020-03-08T16:38:36Z,22:27
b8ae77b6-ef21-45d8-a181-d420c04a77a3,Pontiac,Sunbird,1985,1,2020-03-13T18:16:32Z,11:59
3cc5d044-f07a-4be3-842d-9e695b558446,Jeep,Liberty,2004,15,2020-03-11T18:28:46Z,5:46
03e4d6d4-cc9d-46e6-af11-3f083d30aee5,Mazda,CX-9,2010,8,2020-03-12T03:23:42Z,5:05
c6709615-7ef4-4e5b-9e15-e260cb1a49af,Mitsubishi,Challenger,2004,17,2020-03-13T18:09:23Z,14:37
e48a3b26-a57c-40bc-bbb2-8c169c500122,Lexus,LX,1998,11,2020-03-13T18:31:07Z,13:47
6bca83b2-08e0-417e-ae4d-9323b42b9a7b,Hyundai,Accent,1999,18,2020-03-09T23:49:21Z,0:56
e811fee3-4d9b-490e-9848-e1987715389f,Acura,MDX,2012,10,2020-03-10T10:36:18Z,3:10
2558edc8-ca06-49d7-9a7a-b2efa0dde34f,Mercedes-Benz,SL-Class,2007,9,2020-03-08T19:06:40Z,12:19
a9fb76b8-1b19-4de1-be74-397b66238bf7,BMW,M5,2007,15,2020-03-12T11:20:47Z,14:29
0be36b0d-4bfa-4c1c-9431-166dc436cd9a,Lotus,Esprit,1993,14,2020-03-13T12:16:19Z,0:55
c96057de-e23b-4e3f-94f3-234ad687ef98,Lincoln,MKS,2010,20,2020-03-09T16:32:22Z,0:37
6f69950e-b879-4458-839c-ca120fe9120a,Lexus,LS,1997,15,2020-03-12T07:32:33Z,16:16
895d4359-0ad0-464d-8fe8-1e4af46c6394,Mercury,Monterey,2006,16,2020-03-13T06:47:02Z,0:22
